type,by,post_id,post_link,post_message,細分類,分類,比賽項目,picture,full_picture,link,link_domain,post_published,post_published_unix,post_published_sql,likes_count_fb,comments_count_fb,reactions_count_fb,shares_count_fb,engagement_fb,comments_retrieved,comments_base,comments_replies,comment_likes_count,rea_NONE,rea_LIKE,rea_LOVE,rea_WOW,rea_HAHA,rea_SAD,rea_ANGRY,rea_THANKFUL,post_publ,年,月,日,1正評,2負,3中立
video,post_page_157215971120682,157215971120682_828860053956267,https://www.facebook.com/157215971120682/posts/828860053956267,??世大運韻律體操測試賽-詹庭甄個人全能奪銅??  世大運韻律體操測試賽8/2-8/3，在南港展覽館舉行 第一天賽程我國世大運代表隊分別在團體全能賽及個人全能賽收下兩銅 其中來自國立體大的詹庭甄以總分57.250拿到個人全能賽銅牌 一起來看看體操精靈的美妙舞姿!!  →2017臺北世大運韻律體操每日賽程??https://goo.gl/f2fzeQ →8/27 - 8/29 進場為選手加油喔 ?? https://goo.gl/gxbMEb,體操,運動,Rhythmic Gymnastics,https://scontent.xx.fbcdn.net/v/t15.0-10/s130x130/20617776_828860887289517_6400878594037383168_n.jpg?oh=00d153a89f5d5ddd28d1a6f1bc5e4908&oe=5A3568CC,https://scontent.xx.fbcdn.net/v/t15.0-10/s720x720/20617776_828860887289517_6400878594037383168_n.jpg?oh=2738fc7e8f4c1550334b116ad7d832ef&oe=5A2CE776,https://www.facebook.com/taipei2017/videos/828860053956267/,facebook.com,2017-08-03T03:44:00+0000,1501731840,2017/8/3 05:44,567,5,582,25,612,5,5,0,0,0,565,15,0,0,0,0,0,2017/8/3,2017,8,3,0,0,0
video,post_page_157215971120682,157215971120682_828752573967015,https://www.facebook.com/157215971120682/posts/828752573967015,【名人說故事4 - 許淑淨】 女生的力量可以有多大? 她舉起了全世界、讓世界看到臺灣 臺灣運動史上唯一奪得兩面金牌的選手 許淑淨Hsu Shu-Ching 這次你不用飛到其他國家，在家鄉就能近距離為她加油  #名人說故事 #2017臺北世大運 ??點我看更多許淑淨：https://goo.gl/2Zn8jg ??比賽地點：淡江大學體育館 ??捍衛我們的主場：https://goo.gl/BbNAaD,舉重,運動,Weightlifting,https://scontent.xx.fbcdn.net/v/t15.0-10/s130x130/20617714_828757397299866_4989928605476716544_n.jpg?oh=36bc9034d6906d1a4913e4f4a84defdd&oe=5A2EC6EF,https://scontent.xx.fbcdn.net/v/t15.0-10/s720x720/20617714_828757397299866_4989928605476716544_n.jpg?oh=d11159a1c04c1fd1a53cac177fa5bd83&oe=5A2AD755,https://www.facebook.com/taipei2017/videos/828752573967015/,facebook.com,2017-08-02T13:00:00+0000,1501678800,2017/8/2 15:00,1278,16,1320,126,1462,16,13,3,5,0,1277,41,1,0,0,0,0,2017/8/2,2017,8,2,4,0,0
video,post_page_157215971120682,157215971120682_828292987346307,https://www.facebook.com/157215971120682/posts/828292987346307,【名人說故事4】引言人- 徐裴翊  女生的力量可以有多大?她讓世界看見台灣 臺灣運動史上唯一奪得兩面金牌的選手許淑淨Hsu Shu-Ching 這次你不用飛到其他國家，在家鄉就能近距離為她加油  明天8/2 晚上9:00 完整呈現許淑淨Hsu Shu-Ching的故事  #名人說故事 #2017臺北世大運  ??點我看更多許淑淨：https://goo.gl/2Zn8jg ??比賽地點：淡江大學體育館 ??捍衛我們的主場：https://goo.gl/BbNAaD,舉重,運動,Weightlifting,https://scontent.xx.fbcdn.net/v/t15.0-10/s130x130/20613581_828295520679387_1140484434663833600_n.jpg?oh=7d41f5e3babe89ffc26728ed57c74599&oe=59EB41BF,https://scontent.xx.fbcdn.net/v/t15.0-10/s720x720/20613581_828295520679387_1140484434663833600_n.jpg?oh=4f95fefb1e1dbd9e1d7001c6ac4d6e3e&oe=59F73005,https://www.facebook.com/taipei2017/videos/828292987346307/,facebook.com,2017-08-01T13:00:00+0000,1501592400,2017/8/1 15:00,762,6,795,61,862,6,5,1,2,0,761,28,5,0,0,0,0,2017/8/1,2017,8,1,2,0,5
video,post_page_157215971120682,157215971120682_813051955537077,https://www.facebook.com/157215971120682/posts/813051955537077,??2017年國際韻律體操暨2017臺北世大運測試賽 即將於明天開始  想要提前感受賽會熱鬧氣氛的你千萬不要錯過喔!  韻律體操測試賽詳細賽程 https://goo.gl/PDtTs4  2017臺北世大運韻律體操每日賽程??https://goo.gl/f2fzeQ 8/27 - 8/29 進場為選手加油喔 ?? https://goo.gl/gxbMEb,韻律體操,運動,Rhythmic Gymnastics,https://scontent.xx.fbcdn.net/v/t15.0-10/s130x130/19930074_813052352203704_4610288560623321088_n.jpg?oh=4308cec5076d8f8c021cc4e800297c7a&oe=59F7EDB6,https://scontent.xx.fbcdn.net/v/t15.0-10/19930074_813052352203704_4610288560623321088_n.jpg?oh=d04fbe343e19d48e501bcca07c6f0b80&oe=59F0575B,https://www.facebook.com/taipei2017/videos/813051955537077/,facebook.com,2017-08-01T09:22:54+0000,1501579374,2017/8/1 11:22,796,17,832,63,912,17,11,6,4,0,796,27,3,6,0,0,0,2017/8/1,2017,8,1,27,3,18
video,post_page_157215971120682,157215971120682_828181020690837,https://www.facebook.com/157215971120682/posts/828181020690837,?世大運之星-高爾夫俞俊安 ? 16歲就拿下亞運銅牌，目前就讀亞利桑那州立大學的俞俊安 世大運當然也不會缺席，向學校請假也要為中華隊在臺灣留下獎牌 ?? 高爾夫這次入選選手除了俞俊安外， 還有劉永華、賴嘉一、陳之敏、侯羽桑、陳萱共6位選手 8/24~8/27 高爾夫球賽事 就在揚昇高爾夫鄉村俱樂部 一起來為這些好手加油吧！  ?? 世大運高爾夫賽程：https://goo.gl/ZqvBY7 ?? 購票進場為選手加油：https://goo.gl/YS2UKM,高爾夫,運動,Golf,https://scontent.xx.fbcdn.net/v/t15.0-10/s130x130/20613387_828181500690789_3046438848721584128_n.jpg?oh=79510b794edb752094f0961291291ebc&oe=5A397362,https://scontent.xx.fbcdn.net/v/t15.0-10/s720x720/20613387_828181500690789_3046438848721584128_n.jpg?oh=13d85ab245c9937f265999661b952885&oe=59FB5ED8,https://www.facebook.com/taipei2017/videos/828181020690837/,facebook.com,2017-08-01T04:42:51+0000,1501562571,2017/8/1 06:42,436,11,443,41,495,11,11,0,2,0,435,5,2,0,0,0,0,2017/8/1,2017,8,1,29,4,3
photo,post_page_157215971120682,157215971120682_813690168806589,https://www.facebook.com/157215971120682/posts/813690168806589,??世大運之星- ??舉起世界 許淑淨Hsu Shu-Ching ??  舉重好手許淑淨拿過各大國際賽事的金牌，包括奧運、亞運、世錦賽及亞錦賽，就差世大運金牌就能完成金牌大滿貫，這次臺北世大運千萬不要錯過，一起進場力挺許淑淨。   1?抓台許淑淨舉重53公斤級  2?澳奧運戰績輝煌2金：?? 2012倫敦奧運女子53公斤級金牌、?? 2016里約奧運子53公斤級金牌  3?世界紀錄：2014年仁川亞運，在女子53公斤級以抓舉101公斤、挺舉132公斤，總和成績233公斤，創53公斤級總和成績舉重世界紀錄??   ?分享圖片為許淑淨集氣加油??  ??點我看更多許淑淨：https://goo.gl/2Zn8jg ??比賽地點：淡江大學體育館 ??捍衛我們的主場：https://goo.gl/BbNAaD,舉重,運動,Weightlifting,https://scontent.xx.fbcdn.net/v/t1.0-0/s130x130/19756839_813690168806589_4673833357698465306_n.jpg?oh=65a9ecdaac30247f6d9ebf456ecd859b&oe=59FAAFDF,https://scontent.xx.fbcdn.net/v/t1.0-9/s720x720/19756839_813690168806589_4673833357698465306_n.jpg?oh=d87b004d2b03e84519e513b55590ef49&oe=5A01DC20,https://www.facebook.com/taipei2017/photos/a.157858541056425.1073741828.157215971120682/813690168806589/?type=3,facebook.com,2017-07-31T03:44:00+0000,1501472640,2017/7/31 05:44,1045,32,1072,38,1142,28,20,8,4,0,1044,21,6,0,0,0,0,2017/7/31,2017,7,31,0,1,0
video,post_page_157215971120682,157215971120682_813717958803810,https://www.facebook.com/157215971120682/posts/813717958803810,田徑包含田賽和徑賽各式各樣的項目喔！ 這次世大運田徑的項目有  鐵餅、標槍、鉛球、鏈球、跳高、跳遠、三級跳遠、撐竿跳高； 100 公尺、200 公尺、400 公尺、800 公尺、1500 公尺、5000 公尺、10000 公尺、4x100 公尺接力、4x400 公尺接力、110 公尺跨欄、400 公尺跨欄、3000 公尺障礙； 20 公里競走（個人／團體）、半程馬拉松（個人／團體）、男：十項運動，女：七項運動；  這麼多種項目呢！！　你最想要看那種呢？  ?? 田徑每日賽程 https://goo.gl/kHmHbn ?? 購票進場來為選手加油 https://goo.gl/8JhNcc,田徑,運動,Football,https://scontent.xx.fbcdn.net/v/t15.0-10/s130x130/19937545_813718432137096_6583717825729265664_n.jpg?oh=5791ecca83960ecb3b45208302a2a6fe&oe=5A36086C,https://scontent.xx.fbcdn.net/v/t15.0-10/s720x720/19937545_813718432137096_6583717825729265664_n.jpg?oh=755b3dcbd6629e0eacf797fae4795d0b&oe=59FC1DD6,https://www.facebook.com/taipei2017/videos/813717958803810/,facebook.com,2017-07-30T09:17:00+0000,1501406220,2017/7/30 11:17,1136,12,1165,161,1338,12,8,4,9,0,1135,28,1,0,0,0,0,2017/7/30,2017,7,30,3,0,1
video,post_page_157215971120682,157215971120682_813718508803755,https://www.facebook.com/157215971120682/posts/813718508803755,看看著投手與打者，視線交會之間的激烈火花， 每次投出與揮棒，是否讓你熱血沸騰呢?  ? 棒球每日賽程 https://goo.gl/zh2prq ?? 快來買棒球套票享受每場精彩比賽 https://goo.gl/vWCN3S,棒球,運動,Baseball,https://scontent.xx.fbcdn.net/v/t15.0-10/s130x130/19937523_813718715470401_5713332923554332672_n.jpg?oh=f67ec17783de2bc5594532b8e8cf02e1&oe=59FDB770,https://scontent.xx.fbcdn.net/v/t15.0-10/s720x720/19937523_813718715470401_5713332923554332672_n.jpg?oh=79710f0fbb57399e33900dbc2611ecec&oe=5A2A8CCA,https://www.facebook.com/taipei2017/videos/813718508803755/,facebook.com,2017-07-30T04:34:52+0000,1501389292,2017/7/30 06:34,741,24,770,87,881,24,11,13,7,0,741,14,1,14,0,0,0,2017/7/30,2017,7,30,2450,0,29
photo,post_page_157215971120682,157215971120682_821247641384175,https://www.facebook.com/157215971120682/posts/821247641384175,? 銳劍、鈍劍與軍刀，傻傻分不清楚嗎？?  一張圖幫你秒懂規則，成為擊劍小達人喔∼ 刺?刺?刺?  想知道更多擊箭規則嗎？來看熊讚運動教室！ https://goo.gl/uLE5B5  #擊劍有點複雜 #還好有這張圖的出現啊  臺北世大運??擊劍賽事資訊 ?日期：8/20~8/25 ??地點：臺北南港展覽館1館1樓 ?? 擊劍每日賽程》https://goo.gl/yvG6kP ?? 購票資訊 》https://tickets.2017.taipei,擊劍,運動,Fencing,https://scontent.xx.fbcdn.net/v/t1.0-0/s130x130/20155627_821247641384175_2122291692059035779_n.jpg?oh=4c7e9b8f8e3e59253dba2d4f3bcf6ff6&oe=59F490F6,https://scontent.xx.fbcdn.net/v/t1.0-9/s720x720/20155627_821247641384175_2122291692059035779_n.jpg?oh=bad4eb7073834df40fcfbab53a6328e7&oe=59FEFF09,https://www.facebook.com/taipei2017/photos/a.157858541056425.1073741828.157215971120682/821247641384175/?type=3,facebook.com,2017-07-27T03:44:00+0000,1501127040,2017/7/27 05:44,611,10,632,23,665,7,4,3,1,0,609,11,9,1,0,0,0,2017/7/27,2017,7,27,19,0,0
video,post_page_157215971120682,157215971120682_823700157805590,https://www.facebook.com/157215971120682/posts/823700157805590,看高手間的激烈攻防，你是否也跟著熱血沸騰呢！  跆拳道是本次世大運台灣重點奪牌比賽 比賽將於桃園市立體育館舉行 快來進場幫選手加油打氣喔!!!!  ?? 世大運跆拳道賽程 https://goo.gl/CUJVK8 ?? 購票進場為選手加油：https://goo.gl/ZYDo3m,跆拳道,運動,Taekwondo,https://scontent.xx.fbcdn.net/v/t15.0-10/s130x130/20392189_823700827805523_6706618125925744640_n.jpg?oh=499ced150b93067544d147d6dd728a98&oe=59F811A7,https://scontent.xx.fbcdn.net/v/t15.0-10/s720x720/20392189_823700827805523_6706618125925744640_n.jpg?oh=94162d86d1bc83f7fec3c1847f6d1c83&oe=59EAC91D,https://www.facebook.com/taipei2017/videos/823700157805590/,facebook.com,2017-07-26T11:19:00+0000,1501067940,2017/7/26 13:19,1298,50,1336,919,2305,48,36,12,5,0,1298,22,6,9,0,0,0,2017/7/26,2017,7,26,0,0,0
video,post_page_157215971120682,157215971120682_719807028194904,https://www.facebook.com/157215971120682/posts/719807028194904,快來看 熊讚Bravo 和大家簡單介紹桌球規則  想要看台灣桌球好手們的精彩表現嗎 ?? https://goo.gl/nmtrRG 購票進場為台灣好手們加油 ?? https://goo.gl/P85Qja,桌球,運動,Table Tennis,https://scontent.xx.fbcdn.net/v/t15.0-10/s130x130/16231924_719808178194789_6864579524059725824_n.jpg?oh=6843c474dacd3e9e742454e0e974e3fe&oe=59F468FD,https://scontent.xx.fbcdn.net/v/t15.0-10/s720x720/16231924_719808178194789_6864579524059725824_n.jpg?oh=07696c0069b8017e97c31ac580008b05&oe=59F1B747,https://www.facebook.com/taipei2017/videos/719807028194904/,facebook.com,2017-07-24T03:12:45+0000,1500865965,2017/7/24 05:12,517,4,535,63,602,4,2,2,1,0,517,8,3,7,0,0,0,2017/7/24,2017,7,24,1,0,0
video,post_page_157215971120682,157215971120682_813620298813576,https://www.facebook.com/157215971120682/posts/813620298813576,?你瞭解足球嗎 廣大的場地中， 考驗的不只是選手們的足上功夫， 同時也是對選手體力的一大考驗！  ??一起來看足球比賽 https://goo.gl/rGV8dB ?? 購票進場為選手們加油 https://goo.gl/QDHjUe,足球,運動,Football,https://scontent.xx.fbcdn.net/v/t15.0-10/s130x130/19937538_813620832146856_351460605510549504_n.jpg?oh=160ff17fb3bc31c417a49dd03393c2d1&oe=5A321B91,https://scontent.xx.fbcdn.net/v/t15.0-10/s720x720/19937538_813620832146856_351460605510549504_n.jpg?oh=71aeb773798338bf508c4a7e03a2760e&oe=5A3692D4,https://www.facebook.com/taipei2017/videos/813620298813576/,facebook.com,2017-07-22T16:00:00+0000,1500739200,2017/7/22 18:00,864,19,899,278,1196,19,10,9,3,0,864,20,2,13,0,0,0,2017/7/22,2017,7,22,1255,3,10
video,post_page_157215971120682,157215971120682_719803621528578,https://www.facebook.com/157215971120682/posts/719803621528578,想知道一桿進洞以多厲害嗎?! 看看 熊讚Bravo 打一輪就知道！  ? 高爾夫球賽程 https://goo.gl/TRnbN1 ?? 購票進場為選手們加油!!! https://goo.gl/dEtFe2,高爾夫,運動,Golf,https://scontent.xx.fbcdn.net/v/t15.0-10/s130x130/16327235_719804708195136_8318466343628177408_n.jpg?oh=958665c012d5f5377515193e62d6079a&oe=59EFD52C,https://scontent.xx.fbcdn.net/v/t15.0-10/s720x720/16327235_719804708195136_8318466343628177408_n.jpg?oh=c763df4d325423d6c860676130c980e7&oe=59ED2496,https://www.facebook.com/taipei2017/videos/719803621528578/,facebook.com,2017-07-22T11:31:07+0000,1500723067,2017/7/22 13:31,298,0,314,19,333,0,0,0,0,0,298,12,1,3,0,0,0,2017/7/22,2017,7,22,4,0,0
photo,post_page_157215971120682,157215971120682_813367232172216,https://www.facebook.com/157215971120682/posts/813367232172216,??世大運之星- ??奪牌希望 莊佳佳 ??  跆拳道好手莊佳佳在2015年世錦賽踢下67公斤級金牌前進奧運，有過兩次世大運經歷，並且都奪下獎牌，透過這張圖來更認識她。   1?莊佳佳跆拳道對打67公斤量級  2?世界大學運動會1金1銀：  　?? 深圳世大運 ( 73 公斤級 )  1 金、 　?? 光州世大運 ( 67 公斤級 ) 1 銀  3? 莊佳佳必殺技：前腳上端攻擊??    ?分享圖片力挺佳佳??  ?? 世大運跆拳道賽程 https://goo.gl/CUJVK8 ?? 購票進場為佳佳加油：https://goo.gl/ZYDo3m,跆拳道,運動,Taekwondo,https://scontent.xx.fbcdn.net/v/t1.0-0/s130x130/19756752_813367232172216_2044914037039678060_n.jpg?oh=e49dd6a818b7b031a37f602b46418c71&oe=59EED383,https://scontent.xx.fbcdn.net/v/t1.0-9/s720x720/19756752_813367232172216_2044914037039678060_n.jpg?oh=0e6c911aa2f8090cae362425148f055f&oe=5A35877C,https://www.facebook.com/taipei2017/photos/a.157858541056425.1073741828.157215971120682/813367232172216/?type=3,facebook.com,2017-07-20T09:17:00+0000,1500542220,2017/7/20 11:17,820,13,837,39,889,12,11,1,5,0,820,14,0,3,0,0,0,2017/7/20,2017,7,20,19,0,0
video,post_page_157215971120682,157215971120682_813718258803780,https://www.facebook.com/157215971120682/posts/813718258803780,??水球是大家聽起來有點熟悉但其實很陌生的運動 但他可是需要非常多球類的本領呢 這次中華隊也有派出水球代表隊 ??讓 熊讚Bravo和大家說說水球是怎麼比賽的喔!!  ?? 臺北世大運水球賽程：https://goo.gl/1BgP6L ?? 快來購票進場為選手加油 https://goo.gl/CXKQCW,水球,運動,Water Polo,https://scontent.xx.fbcdn.net/v/t15.0-10/s130x130/19944779_813718795470393_8565563079251722240_n.jpg?oh=37600e7dadb5201539fe26ae0da07517&oe=59FF0985,https://scontent.xx.fbcdn.net/v/t15.0-10/s720x720/19944779_813718795470393_8565563079251722240_n.jpg?oh=e5b4b51ba80f318bc83ef776d1953434&oe=59FC383F,https://www.facebook.com/taipei2017/videos/813718258803780/,facebook.com,2017-07-20T04:40:25+0000,1500525625,2017/7/20 06:40,1288,57,1352,183,1592,57,37,20,63,0,1283,21,17,26,0,0,0,2017/7/20,2017,7,20,20,0,2
video,post_page_157215971120682,157215971120682_719802821528658,https://www.facebook.com/157215971120682/posts/719802821528658,排球是學生時代的熱門運動， 相信這個運動你我都不陌生！ 看看熊讚打排球， 一起回味你我學生時代吧！  ?? 快來購票進場為選手加油 https://goo.gl/CXKQCW ?? 臺北世大運排球賽程：https://goo.gl/5kjhZr,排球,運動,Volleyball,https://scontent.xx.fbcdn.net/v/t15.0-10/s130x130/16231801_719803831528557_8079657786784350208_n.jpg?oh=0b66d4e4985d9fc672e8a433f2da88a3&oe=5A2D6353,https://scontent.xx.fbcdn.net/v/t15.0-10/s720x720/16231801_719803831528557_8079657786784350208_n.jpg?oh=e1f9ae7ccb6b7614696a8a09bea5404a&oe=59F8A7E9,https://www.facebook.com/taipei2017/videos/719802821528658/,facebook.com,2017-07-19T09:17:00+0000,1500455820,2017/7/19 11:17,1702,1,1777,122,1900,1,1,0,0,0,1699,59,2,14,0,0,0,2017/7/19,2017,7,19,28,1,4
photo,post_page_157215971120682,157215971120682_820119044830368,https://www.facebook.com/157215971120682/posts/820119044830368,??世大運之星-桌球王子 江宏傑 Chiang Hung-Chieh ??  上週看完了小傑的快問快答?? 來複習一下小傑的絕技喔??  ?? 快來購票進場為選手加油 https://goo.gl/P85Qja ?? 臺北世大運桌球賽程：https://goo.gl/el8pbj,桌球,運動,Table Tennis,https://scontent.xx.fbcdn.net/v/t1.0-0/s130x130/18486076_785295854979354_6889426456118649634_n.jpg?oh=ab014e9530a2ee96c46c628b72e1efdd&oe=5A2E517E,https://scontent.xx.fbcdn.net/v/t1.0-9/s720x720/18486076_785295854979354_6889426456118649634_n.jpg?oh=bde98966374a749fa4f52f6277c4c969&oe=5A2A2481,https://www.facebook.com/taipei2017/photos/a.157858541056425.1073741828.157215971120682/785295854979354/?type=3,facebook.com,2017-07-18T11:12:23+0000,1500376343,2017/7/18 13:12,312,1,318,0,319,1,1,0,1,0,311,6,0,0,0,0,0,2017/7/18,2017,7,18,1,0,9
video,post_page_157215971120682,157215971120682_818367841672155,https://www.facebook.com/157215971120682/posts/818367841672155,??陳盈駿飆 26 分 中華白 3 分之差惜敗??  7/15 中華白（世大運代表隊）首戰對決南韓， 陳盈駿獨拿 26 分、表現非常精采。雖然最後中華白以 84-87 吞敗， 但陳盈駿的精采表現，一定要透過畫面讓你回味~  ?? 8/20~8/29 籃球完整賽程資訊 https://goo.gl/FqWgKX ?? 購票進場熱血應援！https://goo.gl/rQ5QWC,籃球,運動,Basketball,https://scontent.xx.fbcdn.net/v/t15.0-10/s130x130/20156254_818368788338727_3735926918164250624_n.jpg?oh=78593157066e527a5b1cd575d5095acc&oe=59EB02C0,https://scontent.xx.fbcdn.net/v/t15.0-10/s720x720/20156254_818368788338727_3735926918164250624_n.jpg?oh=7efda760031c1fca966c97a9b257fed5&oe=5A31BB7A,https://www.facebook.com/taipei2017/videos/818367841672155/,facebook.com,2017-07-15T12:08:54+0000,1500120534,2017/7/15 14:08,561,4,577,11,592,3,3,0,0,0,560,10,1,0,5,0,0,2017/7/15,2017,7,15,277,4,80
photo,post_page_157215971120682,157215971120682_810097642499175,https://www.facebook.com/157215971120682/posts/810097642499175,??世大運中華隊籃球賽程??  ?世大運男女籃分別由 外籍總教練Charlie Parker及Albert Kenyon Wagner領軍 上屆中華女籃以第七名作收，這次要重返榮耀 男籃則是與南韓同為A組力拚晉級  ?要靠大家進場發揮主場力量 一起到現場為中華隊加油????  8/20~8/29籃球完整賽程資訊?? https://goo.gl/FqWgKX ?? 購票進場熱血應援！http://tickets.2017.taipei,籃球,運動,Basketball,https://scontent.xx.fbcdn.net/v/t1.0-0/s130x130/19554864_810097642499175_3216197300252713521_n.jpg?oh=82f5f94612f22abaa433424ec44470fb&oe=5A33864C,https://scontent.xx.fbcdn.net/v/t31.0-8/s720x720/19488508_810097642499175_3216197300252713521_o.jpg?oh=b812819ff7a5eeb3188e7314ae09530c&oe=5A36BDF8,https://www.facebook.com/taipei2017/photos/a.157858541056425.1073741828.157215971120682/810097642499175/?type=3,facebook.com,2017-07-15T03:44:00+0000,1500090240,2017/7/15 05:44,401,20,409,14,443,19,14,5,2,0,401,8,0,0,0,0,0,2017/7/15,2017,7,15,20,1,1
video,post_page_157215971120682,157215971120682_813606085481664,https://www.facebook.com/157215971120682/posts/813606085481664,?? 一年一度的瓊斯盃男生組即將於明天開打囉 ??   中華白隊也是世大運代表隊喔! 以賽代訓，球員們的表現想要先賭為快嗎? 瓊斯盃官網：http://jonescup.choxue.com/  世大運籃球賽也將於 8/20-8/29 熱血開打 ?? 購票進場來為選手們加油打氣喔！https://goo.gl/rQ5QWC ?? 籃球完整賽程資訊 https://goo.gl/FqWgKX,籃球,運動,Basketball,https://scontent.xx.fbcdn.net/v/t15.0-10/s130x130/19934273_813606488814957_2542476869496733696_n.jpg?oh=f4eb3bfd2a70b2b7455b2f7fe6469045&oe=5A007630,https://scontent.xx.fbcdn.net/v/t15.0-10/s720x720/19934273_813606488814957_2542476869496733696_n.jpg?oh=f4ecfea701d0d646381e045908326786&oe=5A2D968A,https://www.facebook.com/taipei2017/videos/813606085481664/,facebook.com,2017-07-14T06:32:17+0000,1500013937,2017/7/14 08:32,609,8,630,46,684,8,6,2,2,0,609,20,1,0,0,0,0,2017/7/14,2017,7,14,9,0,0
video,post_page_157215971120682,157215971120682_789971467845126,https://www.facebook.com/157215971120682/posts/789971467845126,??江宏傑 Chiang Hung-Chieh快問快答?? 小傑在球檯上快狠準，是否也能招架的了快問快答呢?  ??桌球王子江宏傑今年也將代表臺灣出征世大運 ??透過快問快答來看看不一樣的他吧！（好可愛唷）??  ??江宏傑的絕技：https://goo.gl/HbtXxI ??臺北世大運桌球：https://goo.gl/el8pbj ?? 一起進場為選手加油 https://goo.gl/P85Qja,桌球,運動,Table Tennis,https://scontent.xx.fbcdn.net/v/t15.0-10/s130x130/18737688_789973397844933_7040651854388133888_n.jpg?oh=70c7838523f0ffb465f97e34a04a730c&oe=59F8D9DF,https://scontent.xx.fbcdn.net/v/t15.0-10/s720x720/18737688_789973397844933_7040651854388133888_n.jpg?oh=65b649c9226072ffdab90ae21226645f&oe=59EEF465,https://www.facebook.com/taipei2017/videos/789971467845126/,facebook.com,2017-07-10T09:17:00+0000,1499678220,2017/7/10 11:17,2078,73,2383,154,2610,73,44,29,24,0,2076,135,0,169,0,0,0,2017/7/10,2017,7,10,16,0,1
video,post_page_157215971120682,157215971120682_814902542018685,https://www.facebook.com/157215971120682/posts/814902542018685,??不用受傷當藉口  商?羽擦乾眼淚繼續衝??  她是世大運柔道 70 公斤級選手商?羽 不過今天亞洲柔道公開賽中因傷未能晉級 但她擦乾眼淚說：我還想衝?? 更多商?羽 https://goo.gl/QxDAkB  ??如果你和我們一樣也看見選手們的拚勁 世大運期間一起進場為中華健兒加油????  ?? 以柔克剛柔道每日賽程 https://goo.gl/BShAF7  ?? 柔道票務資訊 https://goo.gl/MiUSn1,柔道,運動,Volleyball,https://scontent.xx.fbcdn.net/v/t15.0-10/s130x130/19983005_814933712015568_3490545446449840128_n.jpg?oh=26d6e3a63b132c7cd601b8720f130271&oe=5A00CF9D,https://scontent.xx.fbcdn.net/v/t15.0-10/s720x720/19983005_814933712015568_3490545446449840128_n.jpg?oh=2e794afcdf4c262912e14ea93b95a9e6&oe=59EE3127,https://www.facebook.com/taipei2017/videos/814902542018685/,facebook.com,2017-07-09T09:17:00+0000,1499591820,2017/7/9 11:17,752,24,808,50,882,24,24,0,17,0,749,26,2,0,28,0,0,2017/7/9,2017,7,9,10,0,1
video,post_page_157215971120682,157215971120682_813692182139721,https://www.facebook.com/157215971120682/posts/813692182139721,??越靠進 8 月，比賽也就越熱鬧的進行?? ??今天 (7/9) 在新竹縣體育館進行的是2017年亞洲柔道公開賽-臺北 也是世大運的柔道測試賽 https://goo.gl/TtvMu5  在進場看比賽之前，先讓 熊讚Bravo 告訴你柔道是怎麼得分的吧!!!!  ?? 以柔克剛柔道每日賽程 https://goo.gl/BShAF7 ?? 柔道票務資訊 https://goo.gl/MiUSn1,柔道,運動,Judo,https://scontent.xx.fbcdn.net/v/t15.0-10/s130x130/19937371_813692522139687_1913112625596596224_n.jpg?oh=94dd61ea4985bf265dd7f6876cf4dff2&oe=59F48825,https://scontent.xx.fbcdn.net/v/t15.0-10/s720x720/19937371_813692522139687_1913112625596596224_n.jpg?oh=ac3a9e48302b6863dc12e0eb80c63786&oe=59F8B79F,https://www.facebook.com/taipei2017/videos/813692182139721/,facebook.com,2017-07-09T02:00:00+0000,1499565600,2017/7/9 04:00,664,9,684,158,851,9,9,0,5,0,662,16,0,4,0,0,0,2017/7/9,2017,7,9,4,0,0
video,post_page_157215971120682,157215971120682_814353402073599,https://www.facebook.com/157215971120682/posts/814353402073599,??世大運跳水測試賽   臺灣選手收穫多  第二屆臺北城市盃跳水邀請賽暨總統盃跳水邀請賽 7~8日在臺北市立大學詩欣館登場 中華隊選手林昀蒂和賴昱燕 也利用測試賽調整比賽狀況並與國外選手切磋  ?想要欣賞國內外選手華麗的跳水動作 ??快來安排觀賽賽程 https://goo.gl/iByByx ??跳水購票網站 https://goo.gl/r8HLVN,跳水,運動,Diving,https://scontent.xx.fbcdn.net/v/t15.0-10/s130x130/19948458_814357862073153_4077730817990721536_n.jpg?oh=24486b0ea27b024a7bfb9d4d4b4f3098&oe=5A303CDC,https://scontent.xx.fbcdn.net/v/t15.0-10/s720x720/19948458_814357862073153_4077730817990721536_n.jpg?oh=63c3a2aa1438bdfd5ab1bad3a3db9c15&oe=5A317D66,https://www.facebook.com/taipei2017/videos/814353402073599/,facebook.com,2017-07-08T09:09:53+0000,1499504993,2017/7/8 11:09,810,7,832,43,882,6,3,3,0,0,810,16,1,4,0,1,0,2017/7/8,2017,7,8,9,1,0
video,post_page_157215971120682,157215971120682_813691528806453,https://www.facebook.com/157215971120682/posts/813691528806453,?大家知道世大運的跳水比賽是怎麼比的嗎? 30 秒簡單介紹給你知!  ?想要現場感受一躍而下的速度感 跳水測試賽還有今天 (7/8) 1天  歡迎大家一起來詩欣館為選手加油喔! ??測試賽賽程: https://goo.gl/c3PDUC  ?想要欣賞國內外選手華麗的跳水動作 ??快來安排觀賽賽程 https://goo.gl/iByByx ??跳水購票網站 https://goo.gl/r8HLVN,跳水,運動,Diving,https://scontent.xx.fbcdn.net/v/t15.0-10/s130x130/19945117_813692018806404_3233873450607050752_n.jpg?oh=3873c3de88bfe81484e928af0b04504b&oe=59ED2EB6,https://scontent.xx.fbcdn.net/v/t15.0-10/s720x720/19945117_813692018806404_3233873450607050752_n.jpg?oh=2ee26c00900b59bbd14821cc38f4e632&oe=59F68F0C,https://www.facebook.com/taipei2017/videos/813691528806453/,facebook.com,2017-07-08T02:00:00+0000,1499479200,2017/7/8 04:00,854,12,879,77,968,12,7,5,3,0,851,15,8,2,0,0,0,2017/7/8,2017,7,8,22,0,1
video,post_page_157215971120682,157215971120682_812650845577188,https://www.facebook.com/157215971120682/posts/812650845577188,?? 世大運射箭測試賽持續於國體大田徑場舉行 ?  2017 亞洲盃射箭賽第三站暨世界排名賽今天進行到第四天 可以到會場提前感受賽會熱鬧氣氛喔!!!   想知道射箭比賽是什麼嗎? 複合弓跟反曲弓的差別是什麼呢? 讓熊讚運動教室和你說 ?  ?? 射箭每日賽程：https://goo.gl/oDWLL8 ??? 2017臺北世大運射箭票務 https://tickets.2017.taipei/schedule/17_TPE_01  Do you know what  differences between Recurve Bow and Compound Bow ?? Let s start with 熊讚Bravo s sports class !  ?? The comprtition schedule for Archery：https://goo.gl/oDWLL8 ??? Tickets for Archery https://tickets.2017.taipei/schedule/17_TPE_01,射箭,運動,Archery,https://scontent.xx.fbcdn.net/v/t15.0-10/s130x130/16327507_719803108195296_3332507572128186368_n.jpg?oh=6b8f18e0e612505b864ff15d2ecfb763&oe=59FF491C,https://scontent.xx.fbcdn.net/v/t15.0-10/s720x720/16327507_719803108195296_3332507572128186368_n.jpg?oh=5ca5000ba065cc408da813615e6284d8&oe=5A38FBA6,https://www.facebook.com/taipei2017/videos/812650845577188/,facebook.com,2017-07-07T09:17:00+0000,1499419020,2017/7/7 11:17,498,3,517,42,562,3,3,0,1,0,497,14,1,4,0,0,0,2017/7/7,2017,7,7,36,17,12
video,post_page_157215971120682,157215971120682_813632895478983,https://www.facebook.com/157215971120682/posts/813632895478983,??世大運射箭測試賽   中華隊選手提前適應場地??  ??亞洲盃射箭賽也是本次世大運測試賽 預賽在國立體大田徑場進行，決賽則在射箭場 ??複合弓及反曲弓世大運選手也都利用這次比賽提前適應場地 射箭是中華隊重點奪牌項目?? 讓我們來看看選手們比賽狀況吧！  ?? 射箭每日賽程：https://goo.gl/oDWLL8 ??? 2017臺北世大運射箭票務 https://tickets.2017.taipei/schedule/17_TPE_01,射箭,運動,Archery,https://scontent.xx.fbcdn.net/v/t15.0-10/s130x130/19937417_813636698811936_8369645886891884544_n.jpg?oh=f983986679a322688930bfd2c7a1a6e3&oe=5A2C4582,https://scontent.xx.fbcdn.net/v/t15.0-10/s720x720/19937417_813636698811936_8369645886891884544_n.jpg?oh=da18227cbd98eb0caeb792e4edf8e153&oe=59FADE38,https://www.facebook.com/taipei2017/videos/813632895478983/,facebook.com,2017-07-07T04:31:04+0000,1499401864,2017/7/7 06:31,530,4,545,18,567,4,3,1,1,0,529,12,0,3,0,0,0,2017/7/7,2017,7,7,13,0,1
video,post_page_157215971120682,157215971120682_810964829079123,https://www.facebook.com/157215971120682/posts/810964829079123,【名人說故事3】桌球王子江宏傑  你知道江宏傑是世大運的奪牌保證嗎? 本屆世大運也預計會是江宏傑的世大運最終戰 所以今天 蔡阿嘎 要跟你分享 江宏傑 Chiang Hung-Chieh 的故事 還要號召所有人一起來當選手的後盾  #名人說故事 #2017臺北世大運   ?? 桌球每日賽程：https://goo.gl/Qi9AFB ??? 桌球票務 https://goo.gl/fBfN8s,桌球,運動,Table Tennis,https://scontent.xx.fbcdn.net/v/t15.0-10/s130x130/19770989_810972072411732_8220805470286249984_n.jpg?oh=ab563bb7f5fc198219605e70f0925328&oe=59EBC95E,https://scontent.xx.fbcdn.net/v/t15.0-10/s720x720/19770989_810972072411732_8220805470286249984_n.jpg?oh=f7257528da32558e9ce722c67bdbb5cb&oe=59FAF5E4,https://www.facebook.com/taipei2017/videos/810964829079123/,facebook.com,2017-07-02T13:01:49+0000,1499000509,2017/7/2 15:01,3471,37,3601,182,3820,37,30,7,31,0,3468,104,2,22,1,0,0,2017/7/2,2017,7,2,0,0,0
video,post_page_157215971120682,157215971120682_810075392501400,https://www.facebook.com/157215971120682/posts/810075392501400,??【有問必答】五個游泳比賽變強小秘訣??  想知道怎麼從社團游到全國嗎??? 想在自由式的比賽中脫穎而出嗎??? 讓 50 公尺自由式的全國紀錄保持人吳浚鋒告訴你 5 個自由式比賽的小秘訣（筆記中）  ??? 2017臺北世大運游泳在國立體育大學體育館 一起進場為我們的運動員加油！https://goo.gl/BYBRXt ?? 臺北世大運游泳賽程：https://goo.gl/cHCrfq,游泳,運動,Swimming,https://scontent.xx.fbcdn.net/v/t15.0-10/s130x130/19725626_810123329163273_955877849699450880_n.jpg?oh=685f8a06f79e8ac04c3006d41a272d40&oe=5A2E1A40,https://scontent.xx.fbcdn.net/v/t15.0-10/s720x720/19725626_810123329163273_955877849699450880_n.jpg?oh=0e053edcc3b636c6358484bbc412f570&oe=59F52705,https://www.facebook.com/taipei2017/videos/810075392501400/,facebook.com,2017-07-02T01:00:00+0000,1498957200,2017/7/2 03:00,1968,65,2028,401,2494,65,35,30,56,0,1967,44,13,3,0,0,0,2017/7/2,2017,7,2,4,0,0
video,post_page_157215971120682,157215971120682_810144895827783,https://www.facebook.com/157215971120682/posts/810144895827783,【名人說故事3】引言人- 蔡阿嘎  這次他要說一個桌球王子 江宏傑 Chiang Hung-Chieh的故事 還要號召所有人一起來當選手的後盾  明天7/2 晚上9:00 完整呈現  #名人說故事 #2017臺北世大運  ?? 桌球每日賽程：https://goo.gl/Qi9AFB ??? 桌球票務 https://goo.gl/fBfN8s,桌球,運動,Table Tennis,https://scontent.xx.fbcdn.net/v/t15.0-10/s130x130/19725594_810147129160893_6520512313907216384_n.jpg?oh=a95b6320bc95d010ea2727a91951a462&oe=59F9E59C,https://scontent.xx.fbcdn.net/v/t15.0-10/s720x720/19725594_810147129160893_6520512313907216384_n.jpg?oh=93879b2a973f6eb3830a226ca31e5fd3&oe=59F86426,https://www.facebook.com/taipei2017/videos/810144895827783/,facebook.com,2017-07-01T13:00:00+0000,1498914000,2017/7/1 15:00,827,14,847,27,888,14,6,8,1,0,826,12,6,2,0,0,0,2017/7/1,2017,7,1,8,0,2
video,post_page_157215971120682,157215971120682_809579722550967,https://www.facebook.com/157215971120682/posts/809579722550967,??2017臺北世大運游泳測試賽??  國立體大綜合體育館開 游 ?? 臺灣師大張國基50公尺蝶式金牌??、50公尺仰式銀牌?? 臺灣體大廖曼汶50公尺蛙式金牌??  7/1、7/2游泳測試賽持續進行???? 炎炎夏日進場為選手加油是你消暑的好選擇??  ??歡迎大家來國立體大體育館這個特別游泳池為選手加油!  ??賽程：https://goo.gl/gdRChb ???8/20~8/27 2017臺北世大運游泳 在國立體育大學體育館 一起來看游泳比賽吧！https://goo.gl/6aDQx8,游泳,運動,Swimming,https://scontent.xx.fbcdn.net/v/t15.0-10/s130x130/19665904_809580802550859_5653522742293561344_n.jpg?oh=01f8cd9825cc13220a766dbc34696f49&oe=5A379582,https://scontent.xx.fbcdn.net/v/t15.0-10/s720x720/19665904_809580802550859_5653522742293561344_n.jpg?oh=8e524498c19033e8efd5ef0ae627907e&oe=5A36F438,https://www.facebook.com/taipei2017/videos/809579722550967/,facebook.com,2017-06-30T14:59:45+0000,1498834785,2017/6/30 16:59,892,11,905,23,939,11,4,7,4,0,890,12,1,0,0,0,0,2017/6/30,2017,6,30,14,0,7
video,post_page_157215971120682,157215971120682_807882332720706,https://www.facebook.com/157215971120682/posts/807882332720706,??2017臺北世大運游泳測試賽暨中華臺北公開賽?? 將在這個周末6/29-7/2展開   來複習一下熊讚運動教室吧!!  ??歡迎大家來國立體大體育館這個特別游泳池為選手加油!  ??賽程：https://goo.gl/gdRChb  ???8/20~8/27 2017臺北世大運游泳 在國立體育大學體育館 一起來看游泳比賽吧！https://goo.gl/6aDQx8,游泳,運動,Swimming,https://scontent.xx.fbcdn.net/v/t15.0-10/s130x130/15562780_697688913740049_6420762626170552320_n.jpg?oh=39b7354e1d955aba6b2c1c38aa91cfd6&oe=59EB3C55,https://scontent.xx.fbcdn.net/v/t15.0-10/s720x720/15562780_697688913740049_6420762626170552320_n.jpg?oh=b49ca40ab2d5a89424f5d176b5165b20&oe=59F3BDEF,https://www.facebook.com/taipei2017/videos/807882332720706/,facebook.com,2017-06-28T06:36:00+0000,1498631760,2017/6/28 08:36,772,1,791,58,850,0,0,0,0,0,772,11,4,3,0,0,0,2017/6/28,2017,6,28,1,0,0
video,post_page_157215971120682,157215971120682_807239179451688,https://www.facebook.com/157215971120682/posts/807239179451688,??世大運之星-游泳吳浚鋒??  從乙組傳奇變成50公尺自由式及蛙式的全國紀錄保持人，吳浚鋒不斷突破自己刷新紀錄，目標游進東京??  除了要參加7月的布達佩斯世錦賽，8月的世大運吳浚鋒當然也沒有缺席，將要出賽50公尺自由式項目!! 一起進場感受水道速男的魅力吧??  游泳中華臺北公開賽在這個周末展開  歡迎大家來國立體大體育館這個特別游泳池為選手加油!  https://goo.gl/gdRChb  ???8/20~8/27 2017臺北世大運游泳 在國立體育大學體育館 一起來看游泳比賽吧！https://goo.gl/6aDQx8,游泳,運動,Swimming,https://scontent.xx.fbcdn.net/v/t15.0-10/s130x130/19531128_807328279442778_4902249249015595008_n.jpg?oh=77c5083cb2cbecf629f2128859b882c8&oe=5A335CF0,https://scontent.xx.fbcdn.net/v/t15.0-10/s720x720/19531128_807328279442778_4902249249015595008_n.jpg?oh=f4ccfec7f888b495d26f6077287d0355&oe=59FF1C4A,https://www.facebook.com/taipei2017/videos/807239179451688/,facebook.com,2017-06-27T06:35:12+0000,1498545312,2017/6/27 08:35,1950,35,2011,197,2243,35,29,6,11,0,1950,47,11,2,0,0,0,2017/6/27,2017,6,27,75,0,2
video,post_page_157215971120682,157215971120682_806597816182491,https://www.facebook.com/157215971120682/posts/806597816182491,「能把冠軍留在台灣，就很開心」 這不僅僅是李珮琪奪得台塑杯網球賽女單冠軍的心情，也是臺灣運動員參與臺北世大運的目標!  一連兩個禮拜的台塑盃網球賽，都在臺北網球中心舉行。下一次這個場館有國際大賽舉行，就是臺北世大運了喔!!  ?? 一起來臺北網球中心為選手加油》https://goo.gl/24kjXa ?? 2017臺北世大運網球賽程》https://goo.gl/o1vSxL,網球,運動,Tennis,https://scontent.xx.fbcdn.net/v/t15.0-10/s130x130/19510839_806599659515640_3685998425859424256_n.jpg?oh=50d5f03a3c17dc67f00ed74ef1810903&oe=5A34E698,https://scontent.xx.fbcdn.net/v/t15.0-10/s720x720/19510839_806599659515640_3685998425859424256_n.jpg?oh=a4ac4fae6e88e4ea632cfc394782e8df&oe=59F4D822,https://www.facebook.com/taipei2017/videos/806597816182491/,facebook.com,2017-06-24T16:00:00+0000,1498320000,2017/6/24 18:00,369,10,379,24,413,10,10,0,0,0,369,7,0,3,0,0,0,2017/6/24,2017,6,24,19,0,4
photo,post_page_157215971120682,157215971120682_804464029729203,https://www.facebook.com/157215971120682/posts/804464029729203,?世大運之星-中華男足?柯昱廷 Ko Yu-Ting、陳昭安 Chen Chao-An ? 旅外的戰士們，有機會回家、在主場作戰，你怎能不支持呢?!????  你滑照片，小編說故事，一起認識世大運國腳  ?? 安排觀賽行程》https://goo.gl/5pvmCZ ?? 足球購票點這裡》https://goo.gl/RTNPi9,足球,運動,Football,https://scontent.xx.fbcdn.net/v/t1.0-0/s130x130/19399089_804463839729222_1194267698241614576_n.jpg?oh=11e713f79acf2db55d42587c711a6c9e&oe=5A01AD88,https://scontent.xx.fbcdn.net/v/t1.0-9/s720x720/19399089_804463839729222_1194267698241614576_n.jpg?oh=d906d0a2ddc50b14d70f6ed66923b4a7&oe=5A2B3E77,https://www.facebook.com/taipei2017/photos/a.157858541056425.1073741828.157215971120682/804463839729222/?type=3,facebook.com,2017-06-23T05:23:56+0000,1498195436,2017/6/23 07:23,358,3,361,13,377,3,2,1,1,0,358,3,0,0,0,0,0,2017/6/23,2017,6,23,18,0,0
video,post_page_157215971120682,157215971120682_803886573120282,https://www.facebook.com/157215971120682/posts/803886573120282,?世大運之星-競技體操麥劉湘涵? 即使胰臟破裂，每天在體操館大哭?? 都打不倒麥劉湘涵對體操的熱愛  女子競技體操這次入選選手除了麥劉湘涵外， 還有羅玉如、莊琇如、蔡佳容、莊淑雲 共5 位選手  8/19~8/23就在臺北南港展覽館 ??競技體操賽程》https://goo.gl/HufbY7 ???一起進場為我們的運動員加油！http://tickets.2017.taipei,競技體操,運動, Artistic Gymnastics,https://scontent.xx.fbcdn.net/v/t15.0-10/s130x130/19378533_804467776395495_3216523535077867520_n.jpg?oh=0f88ba3c4dd7f2c0816d6d9a64c3b789&oe=5A2F6D1B,https://scontent.xx.fbcdn.net/v/t15.0-10/s720x720/19378533_804467776395495_3216523535077867520_n.jpg?oh=a74a0df48e8f8a0242ef3ab6ba301ca3&oe=59F2F1A1,https://www.facebook.com/taipei2017/videos/803886573120282/,facebook.com,2017-06-22T10:44:00+0000,1498128240,2017/6/22 12:44,2291,50,2392,144,2586,50,40,10,14,0,2288,79,13,6,0,1,0,2017/6/22,2017,6,22,36,3,1
photo,post_page_157215971120682,157215971120682_802850303223909,https://www.facebook.com/157215971120682/posts/802850303223909,?世大運中華隊棒球賽程?  郭李建夫總教練領軍的中華棒球隊 預賽要對上法國、捷克及韓國  上屆光州世大運中華隊拿下金牌?? 這次能否衛冕成功呢?  要靠大家一起進場發揮主場力量 一起到天母棒球場為中華隊加油????  ?棒球完整賽程資訊?? https://goo.gl/sfye25 ??? 一起進場熱血應援！http://tickets.2017.taipei  ??會陸續發佈中華隊相關賽程，請大家一起進場為中華隊加油??,棒球,運動,Baseball,https://scontent.xx.fbcdn.net/v/t1.0-0/p130x130/19274763_802850303223909_7729292454505330935_n.jpg?oh=7ebd2c0b673fec533a659a8ef2bb2dbb&oe=5A3996A2,https://scontent.xx.fbcdn.net/v/t1.0-9/p720x720/19274763_802850303223909_7729292454505330935_n.jpg?oh=ecb922e96008a9442ef1a681bf73f160&oe=59FAB35D,https://www.facebook.com/taipei2017/photos/a.157858541056425.1073741828.157215971120682/802850303223909/?type=3,facebook.com,2017-06-20T12:00:00+0000,1497960000,2017/6/20 14:00,993,40,1022,97,1159,40,25,15,22,0,993,24,0,5,0,0,0,2017/6/20,2017,6,20,91,0,4
video,post_page_157215971120682,157215971120682_803358926506380,https://www.facebook.com/157215971120682/posts/803358926506380,和您分享 戴資穎/ Tai Tzu Ying 打球的心路歷程??  這次在家比賽，大家準備好要進場一賭球后的風采嗎?  今天也是小戴的生日，來一起祝小戴生日快樂吧??  ??更多小戴的故事－世界球后戴資穎：https://goo.gl/GoYC9n ??2017臺北世大運羽球賽程：https://goo.gl/9u7jTx  #2017臺北世大運全臺總動員高雄的鄉親買票了嗎 #2017臺北世界大學運動會官方供應商悠遊卡公司,羽球,運動,badminton,https://scontent.xx.fbcdn.net/v/t15.0-10/s130x130/19143457_10158762989295484_1844749910319038464_n.jpg?oh=31aa31831ecaf47fa767e3628bef4b40&oe=59FEADA7,https://scontent.xx.fbcdn.net/v/t15.0-10/s720x720/19143457_10158762989295484_1844749910319038464_n.jpg?oh=b55bde2f4a962651f5a8a8eac86ffacb&oe=59F3A455,https://www.facebook.com/easycard.tw/videos/10158762966780484/,facebook.com,2017-06-20T09:17:00+0000,1497950220,2017/6/20 11:17,534,17,558,0,575,11,11,0,1,0,534,22,2,0,0,0,0,2017/6/20,2017,6,20,31,0,0
video,post_page_157215971120682,157215971120682_802426376599635,https://www.facebook.com/157215971120682/posts/802426376599635,??世大運網球測試賽 一起體驗網球魅力??  2017台塑盃國際網球錦標賽暨世大運網球測試賽今天進入金牌戰?????? 最後由美國選手Daniel NGUYEN拿下冠軍?????? 臺北網球中心是世大運網球比賽的場館，接下來到6/25仍持續有賽事進行  ??更多世大運網球測試賽 https://goo.gl/jy2YTS ??????歡迎大家一起進場體驗 一起為選手加油??????  ?? 2017臺北世大運網球賽程 https://goo.gl/o1vSxL ??? 8月19日到30日需要您進場加油！http://tickets.2017.taipei,網球,運動,Tennis,https://scontent.xx.fbcdn.net/v/t15.0-10/s130x130/19305455_802433079932298_1238944378081247232_n.jpg?oh=c08b3c013ed04155989416096f3661b4&oe=59F8F040,https://scontent.xx.fbcdn.net/v/t15.0-10/s720x720/19305455_802433079932298_1238944378081247232_n.jpg?oh=5fcb689715d6540b1bae313165c7b440&oe=59F43DFA,https://www.facebook.com/taipei2017/videos/802426376599635/,facebook.com,2017-06-18T14:38:53+0000,1497796733,2017/6/18 16:38,458,8,466,19,493,3,2,1,8,0,458,5,2,0,1,0,0,2017/6/18,2017,6,18,1,0,0
video,post_page_157215971120682,157215971120682_800535943455345,https://www.facebook.com/157215971120682/posts/800535943455345,??世大運有問必答-體操選手不掉槓的秘密??  ??旋轉 跳躍 我不停歇?? ??你有想過為什麼體操選手在高低槓翻來翻去 ??旋轉720度手都仍然牢牢抓在槓上呢? ??因為他們使用了這個秘密武器 ??讓臺師大競技體操選手麥劉湘涵告訴你??  2017臺北世大運競技體操每日賽程 ??https://goo.gl/HufbY7 快點進場幫選手們加油吧 ??https://goo.gl/bOLVn2  #世大運有問必答,競技體操,運動, Artistic Gymnastics,https://scontent.xx.fbcdn.net/v/t15.0-10/s130x130/19206034_800537053455234_8149128504840028160_n.jpg?oh=a5c471cf6d2530dbf0d7fc16fcd93143&oe=5A0220C5,https://scontent.xx.fbcdn.net/v/t15.0-10/s720x720/19206034_800537053455234_8149128504840028160_n.jpg?oh=543c4a493f75e23498e44dd2875e790e&oe=5A2EDC7F,https://www.facebook.com/taipei2017/videos/800535943455345/,facebook.com,2017-06-16T05:27:56+0000,1497590876,2017/6/16 07:27,955,19,990,43,1052,18,11,7,4,0,955,28,2,4,0,0,0,2017/6/16,2017,6,16,1,0,0
video,post_page_157215971120682,157215971120682_800481466794126,https://www.facebook.com/157215971120682/posts/800481466794126,?韻律體操團隊  集結眾家好手拚奪牌??  韻律體操力與美  超吸睛不容錯過 眾家好手默契佳   全力備戰拚奪牌   ??韻律體操有個人及團隊項目 個人為環、球、棒與帶 而團隊則須包含５環、３球及２繩  這次韻律體操個人賽，有詹庭甄及宋語涵 而韻律體操團隊中， 包括曾旅日的古妮臻、龔芸、楊千玫、王心伶、徐紫綺及陳沛安???? 到時候記得進場欣賞最美賽事!!!  2017臺北世大運韻律體操每日賽程??https://goo.gl/f2fzeQ 快點進場為選手加油喔 ?? https://goo.gl/gxbMEb  國立臺灣師範大學 National Taiwan Normal University 國立體育大學 東山高中,韻律體操,運動,Rhythmic Gymnastics,https://scontent.xx.fbcdn.net/v/t15.0-10/s130x130/19213534_800482953460644_787522471795359744_n.jpg?oh=5d42db642622f5ebb5af9b9c77cac74b&oe=5A2DB9A5,https://scontent.xx.fbcdn.net/v/t15.0-10/s720x720/19213534_800482953460644_787522471795359744_n.jpg?oh=773eb5bcb817349b71a90c553c4a0b27&oe=59F3B7E0,https://www.facebook.com/taipei2017/videos/800481466794126/,facebook.com,2017-06-15T07:26:58+0000,1497511618,2017/6/15 09:26,1648,40,1727,103,1870,40,26,14,19,0,1644,68,8,1,0,0,0,2017/6/15,2017,6,15,2,0,0
video,post_page_157215971120682,157215971120682_797788493730090,https://www.facebook.com/157215971120682/posts/797788493730090,??2017臺北世大運網球測試賽?? 來跟著熊讚一起了解網球!!  明天 6月11日至25日於新設的臺北市網球中心開打囉!! 快點一起先來感受賽會熱鬧氣氛吧!!  有關世大運測試賽：https://goo.gl/FBgPg9 臺北市網球中心：https://goo.gl/yZ4nU0  ※貼心小提醒：此場測試賽比照正式賽會有維安檢查喔！請大家進場前多多注意及配合，謝謝大家！ 詳情請參考安檢流程：https://goo.gl/xysBLB,網球,運動,Tennis,https://scontent.xx.fbcdn.net/v/t15.0-10/s130x130/19114179_797707293738210_3027952493435813888_n.jpg?oh=70bd357fb0f6a6ac9c829ea3b4c3150f&oe=5A376BA7,https://scontent.xx.fbcdn.net/v/t15.0-10/s720x720/19114179_797707293738210_3027952493435813888_n.jpg?oh=2490ea0879d1552dc764e5923cd03f1c&oe=59FB8F1D,https://www.facebook.com/taipei2017/videos/797788493730090/,facebook.com,2017-06-10T10:44:08+0000,1497091448,2017/6/10 12:44,787,32,811,90,933,31,18,13,18,0,786,14,3,5,0,0,0,2017/6/10,2017,6,10,766,0,1
video,post_page_157215971120682,157215971120682_793501350825471,https://www.facebook.com/157215971120682/posts/793501350825471,【名人說故事2】引言人- 任家萱 Selina  要如何成就一名世界球后？ 這個「團隊」他們用無比的愛與力量， 造就了世界第一。  來聽聽Selina告訴你這個故事  6/2 晚上9:00 完整呈現  #名人說故事 #2017臺北世大運  2017臺北世大運羽球→https://goo.gl/b2La8M,羽球,運動,badminton,https://scontent.xx.fbcdn.net/v/t15.0-10/s130x130/18895077_793501804158759_4711836838929629184_n.jpg?oh=4b8e9769c9acf16f724c4da02e74077e&oe=5A370864,https://scontent.xx.fbcdn.net/v/t15.0-10/s720x720/18895077_793501804158759_4711836838929629184_n.jpg?oh=8cf52b901db31c1f2be5541a1ca0da18&oe=59EE36DE,https://www.facebook.com/taipei2017/videos/793501350825471/,facebook.com,2017-06-02T08:44:40+0000,1496393080,2017/6/2 10:44,508,7,552,51,610,7,7,0,1,0,506,40,3,1,0,0,0,2017/6/2,2017,6,2,118,4,10
video,post_page_157215971120682,157215971120682_790919267750346,https://www.facebook.com/157215971120682/posts/790919267750346,世大運名人超體驗：一起和徐展元轉播熱血中職野球  　　 徐展元線上直播Lamigo 桃猿 VS 中信兄弟的精采賽事 喜愛棒球，熱愛棒球的你趕快來看!!!  直播期間分享直播貼文或回答直播中展元所問的問題 就送出世大運及中職球隊的紀念商品 這麼多好康你怎麼能夠錯過！  （此活動為臺北市政府主辦，粉絲頁擁有活動直播及畫面播放之權利）  #2017臺北世大運 #名人超體驗 #熱血主播徐展元 #Lamigo桃猿 #中信兄弟,棒球,運動,Baseball,https://scontent.xx.fbcdn.net/v/t15.0-10/s130x130/18819228_790955547746718_1635334490446364672_n.jpg?oh=18f16fa21f122f200d591619f1d56ee4&oe=59EFBBB9,https://scontent.xx.fbcdn.net/v/t15.0-10/s720x720/18819228_790955547746718_1635334490446364672_n.jpg?oh=7ef929606c8d96d51da8dec8595bdfaa&oe=5A2AC603,https://www.facebook.com/taipei2017/videos/790919267750346/,facebook.com,2017-05-28T08:59:56+0000,1495961996,2017/5/28 10:59,446,125,462,53,640,125,117,8,91,0,444,12,2,2,0,0,0,2017/5/28,2017,5,28,59,0,0
video,post_page_157215971120682,157215971120682_790915001084106,https://www.facebook.com/157215971120682/posts/790915001084106,世大運名人超體驗：一起和徐展元轉播熱血中職野球  　　 徐展元線上直播Lamigo 桃猿 VS 中信兄弟的精采賽事 喜愛棒球，熱愛棒球的你趕快來看!!!  直播期間分享直播貼文或回答直播中展元所問的問題 就送出世大運及中職球隊的紀念商品 這麼多好康你怎麼能夠錯過！  （此活動為臺北市政府主辦，粉絲頁擁有活動直播及畫面播放之權利）  #2017臺北世大運 #名人超體驗 #熱血主播徐展元 #Lamigo桃猿 #中信兄弟,棒球,運動,Baseball,https://scontent.xx.fbcdn.net/v/t15.0-10/s130x130/18786004_790919427750330_4747049205615296512_n.jpg?oh=ac2154ac195dbffc79a911f4e2cb3a68&oe=59F3C929,https://scontent.xx.fbcdn.net/v/t15.0-10/s720x720/18786004_790919427750330_4747049205615296512_n.jpg?oh=437579b906fe417e41dec9255b96f7cd&oe=59EB8893,https://www.facebook.com/taipei2017/videos/790915001084106/,facebook.com,2017-05-28T08:56:46+0000,1495961806,2017/5/28 10:56,159,1,162,4,167,1,1,0,0,0,158,1,1,1,0,0,0,2017/5/28,2017,5,28,63,0,0
video,post_page_157215971120682,157215971120682_786717141503892,https://www.facebook.com/157215971120682/posts/786717141503892,世大運名人超體驗臺北達欣帶你來鬥牛!SBL冠軍成員達欣王志群、張智峰、林冠綸、呂濟而貼身指導幸運粉絲傳授實用鬥牛技巧，還有球隊訓練內容大公開，千萬不要錯過！觀看直播還有機會獲得紀念品，趕快點進來觀看吧! #星裕國際 #斯伯丁,籃球,運動,Basketball,https://scontent.xx.fbcdn.net/v/t15.0-10/s130x130/18619286_786751991500407_4525426015513608192_n.jpg?oh=40803868e3aaa50f03ce27293d9140d6&oe=5A38466C,https://scontent.xx.fbcdn.net/v/t15.0-10/18619286_786751991500407_4525426015513608192_n.jpg?oh=012f3154c38968e72989313e58026045&oe=59F33981,https://www.facebook.com/taipei2017/videos/786717141503892/,facebook.com,2017-05-20T06:29:49+0000,1495261789,2017/5/20 08:29,397,63,404,21,488,63,61,2,39,0,395,7,0,0,0,0,0,2017/5/20,2017,5,20,25,0,6
photo,post_page_157215971120682,157215971120682_785295854979354,https://www.facebook.com/157215971120682/posts/785295854979354,??世大運之星-桌球王子??江宏傑 Chiang Hung-Chieh ??  如果你認識江宏傑，是因為他娶了福原愛?? 那你一定要透過這張圖來認識他  1?江宏傑出身台南幫 2?世界大學運動4面金牌：??男單 1 金、????男雙 2 金（都與黃聖盛搭檔）、??混雙金牌 1 面（搭檔黃怡樺） 3?江宏傑擅長打法：右手橫拍，兩面弧圈??   ?支持運動員請分享圖片，留言你最欣賞江宏傑哪項!  ????甚麼是台南幫：台南孕育出許多桌球高手、高高手，包括蔣澎龍、吳志祺、江宏傑、黃聖盛、鄭怡靜等多位國際級名將。台南市桌球隊曾締造全運會 23 連霸的紀錄。  ??想更了解江宏傑：https://goo.gl/2y5DQc,桌球,運動,Table Tennis,https://scontent.xx.fbcdn.net/v/t1.0-0/s130x130/18486076_785295854979354_6889426456118649634_n.jpg?oh=ab014e9530a2ee96c46c628b72e1efdd&oe=5A2E517E,https://scontent.xx.fbcdn.net/v/t1.0-9/s720x720/18486076_785295854979354_6889426456118649634_n.jpg?oh=bde98966374a749fa4f52f6277c4c969&oe=5A2A2481,https://www.facebook.com/taipei2017/photos/a.157858541056425.1073741828.157215971120682/785295854979354/?type=3,facebook.com,2017-05-19T06:02:50+0000,1495173770,2017/5/19 08:02,790,4,812,27,843,4,4,0,2,0,788,16,1,5,0,0,0,2017/5/19,2017,5,19,0,0,0
video,post_page_157215971120682,157215971120682_784376708404602,https://www.facebook.com/157215971120682/posts/784376708404602,?? 跆拳道品勢 為世大運做足準備 ??  ?? 跆拳品勢加體操  自由品勢增看頭 ?? 外籍教練超給力  刺激強化進步大 ?? 男女小將再進化  力拼金牌留台灣   【自由品勢】 不受傳統型場動作限制， 可編入如體操空翻、側翻、旋轉等炫技， 搭配60至70秒的音樂幫助律動， 是2017臺北世大運新增競賽項目。  點連結給你更多世大運??https://goo.gl/g9foIe  #回家比賽 #品勢好帥,跆拳道,運動,Taekwondo,https://scontent.xx.fbcdn.net/v/t15.0-10/s130x130/18922986_793556124153327_2915423564301598720_n.jpg?oh=65f2d41a5a3b894b55bab0a4439247f7&oe=5A30110F,https://scontent.xx.fbcdn.net/v/t15.0-10/s720x720/18922986_793556124153327_2915423564301598720_n.jpg?oh=61077fb1a0934b67d34c1129e978809f&oe=59F003B5,https://www.facebook.com/taipei2017/videos/784376708404602/,facebook.com,2017-05-14T16:00:00+0000,1494777600,2017/5/14 18:00,618,2,626,43,671,2,1,1,5,0,618,6,0,0,0,0,2,2017/5/14,2017,5,14,32,0,0
photo,post_page_157215971120682,157215971120682_781094802066126,https://www.facebook.com/157215971120682/posts/781094802066126,【世大運之星#2】力拚世大運首金的桌球一姊鄭怡靜 CHENG I-Ching  從2011年起鄭怡靜不曾缺席世大運，成績每屆進步，但累計3銀2銅，總與金牌無緣，這位自去年9月起就穩居世界前10的桌球一姊，對臺北世大運有什麼期待？（繼續滑照片看故事）  點連結給你更多世大運??https://goo.gl/g9foIe,桌球,運動,Table Tennis,https://scontent.xx.fbcdn.net/v/t1.0-0/s130x130/18341739_781093575399582_8282819336174077310_n.jpg?oh=9f6136eedac635c407461383fa9a0665&oe=59F1031F,https://scontent.xx.fbcdn.net/v/t1.0-9/s720x720/18341739_781093575399582_8282819336174077310_n.jpg?oh=c5958e10ebf426641ed89f6216567ed5&oe=5A3006E0,https://www.facebook.com/taipei2017/photos/a.157858541056425.1073741828.157215971120682/781093575399582/?type=3,facebook.com,2017-05-12T09:17:00+0000,1494580620,2017/5/12 11:17,483,19,499,20,538,19,12,7,4,0,481,8,0,0,0,0,7,2017/5/12,2017,5,12,19,0,0
video,post_page_157215971120682,157215971120682_781056122069994,https://www.facebook.com/157215971120682/posts/781056122069994,??桌球一姐鄭怡靜  拍下全大運女單金牌??  ??世界女單排名第7的鄭怡靜 CHENG I-Ching 10日為輔大奪下女單金牌?  ??鄭怡靜第4次入選世大運國手， 八月世大運前，她將先參加五月底的世界錦標賽及三個公開賽， 透過以賽代訓調整狀況，目標把獎牌留在臺灣！??  ??這次世大運回家比賽，一起進場為運動員加油????  點連結給你更多世大運??https://goo.gl/g9foIe  #回家比賽 #桌球一姐鄭怡靜 #鄭怡靜加油,桌球,運動,Table Tennis,https://scontent.xx.fbcdn.net/v/t15.0-10/s130x130/18442882_781060268736246_4710326251686985728_n.jpg?oh=889c5ce32219ba8e2c9561dc21f55749&oe=5A30123D,https://scontent.xx.fbcdn.net/v/t15.0-10/s720x720/18442882_781060268736246_4710326251686985728_n.jpg?oh=01e86b49282966c22654e942ec9b8237&oe=59F60787,https://www.facebook.com/taipei2017/videos/781056122069994/,facebook.com,2017-05-10T12:36:52+0000,1494419812,2017/5/10 14:36,658,8,674,14,696,8,4,4,2,0,657,15,0,0,0,0,1,2017/5/10,2017,5,10,1,0,0
video,post_page_157215971120682,157215971120682_780940952081511,https://www.facebook.com/157215971120682/posts/780940952081511,? 跨欄美少女 會跑人又正?  國立體大 羅佩琳 Pei Lin-Lo 順利蟬聯全大運女子400公尺跨欄后座??  點連結給你更多世大運??https://goo.gl/g9foIe  ??田徑項目我們真的有很多優秀的選手， 如果你也能親自跑一趟田徑場看他們比賽， 一定也能感受到這種短時間決勝負的熱血氛圍~  #快給羅珮琳一個愛心 #她拍過麥當勞廣告你知道嗎 #加油再拚世大運資格呦,田徑,運動,Athletics,https://scontent.xx.fbcdn.net/v/t15.0-10/s130x130/18407998_780944185414521_917621210194378752_n.jpg?oh=d82fc6c9d551aca45cd73db71f955a25&oe=59FEBBC7,https://scontent.xx.fbcdn.net/v/t15.0-10/s720x720/18407998_780944185414521_917621210194378752_n.jpg?oh=dcc9094f3889cabc373b9ca611e7e986&oe=5A29D282,https://www.facebook.com/taipei2017/videos/780940952081511/,facebook.com,2017-05-10T06:26:22+0000,1494397582,2017/5/10 08:26,1489,16,1533,37,1586,13,8,5,5,0,1486,43,0,1,0,0,0,2017/5/10,2017,5,10,0,0,0
photo,post_page_157215971120682,157215971120682_780596542115952,https://www.facebook.com/157215971120682/posts/780596542115952,??再痛也要拚下去-跆拳女悍將莊佳佳??  女性運動員真的很辛苦，你能想像在生理痛的情況下， 還能踢下金牌嗎? (肅然起敬了!)  ??臺師大跆拳道好手莊佳佳 在全大運公開女子組67公斤級的金牌戰以13：8打敗彰師大的林若薇。 莊佳佳拿下個人生涯在全大運的第五面金牌。  覺得莊佳佳超猛，請按讚?? 覺得生理痛感同身受，請按愛心?  點連結給你更多世大運??https://goo.gl/GmDdM8  #106年全大運 #跆拳道 #莊佳佳,跆拳道,運動,Taekwondo,https://scontent.xx.fbcdn.net/v/t1.0-0/s130x130/18342805_780596542115952_5454989569869147997_n.jpg?oh=89d0f191560e8cc6bb046bc21b48ac64&oe=5A3340B2,https://scontent.xx.fbcdn.net/v/t1.0-0/p480x480/18342805_780596542115952_5454989569869147997_n.jpg?oh=d56109456e8781b75b6d8b54b9bb6b6b&oe=5A309094,https://www.facebook.com/taipei2017/photos/a.157858541056425.1073741828.157215971120682/780596542115952/?type=3,facebook.com,2017-05-09T13:49:01+0000,1494337741,2017/5/9 15:49,700,16,742,6,764,16,8,8,5,0,698,39,2,0,0,1,0,2017/5/9,2017,5,9,0,0,0
video,post_page_157215971120682,157215971120682_780553882120218,https://www.facebook.com/157215971120682/posts/780553882120218,??體操男孩唐嘉鴻翻轉出單槓金牌??  ????單槓真的不簡單~ 臺師大唐嘉鴻才拿完競技體操男子個人全能金牌，今天又拿單槓金牌! 這麼好看的比賽，你沒看到就太可惜了! 一起分享幫唐嘉鴻加油！覺得體操男孩超帥請給?  詳細比賽成績是這樣的：臺師大的唐嘉鴻8日才在競技體操男子個人全能，以總成績79.588分拿下金牌，今天再度以13.525分，拿下單槓金牌!!????  ??嘉鴻目前是競技體操培訓隊的一員，拿手項目是地板及單槓，也期待他能入選世大運國手，把獎牌留在臺灣！！??  ??這次世大運我們的子弟兵們要回家比賽 一起進場為運動員加油????  點連結給你更多世大運??https://goo.gl/g9foIe  #回家比賽 #請分享 #翻滾吧嘉鴻 #唐嘉鴻加油,競技體操,運動, Artistic Gymnastics,https://scontent.xx.fbcdn.net/v/t15.0-10/s130x130/18407682_780555552120051_471591802852343808_n.jpg?oh=0d19b60c200c9e4d13a0716103e086d6&oe=5A2F1577,https://scontent.xx.fbcdn.net/v/t15.0-10/s720x720/18407682_780555552120051_471591802852343808_n.jpg?oh=e7779b885b39448050cd501510f3fadf&oe=59F62432,https://www.facebook.com/taipei2017/videos/780553882120218/,facebook.com,2017-05-09T12:14:59+0000,1494332099,2017/5/9 14:14,1402,32,1477,75,1584,32,16,16,17,0,1400,44,27,2,0,0,2,2017/5/9,2017,5,9,0,0,0
photo,post_page_157215971120682,157215971120682_779989772176629,https://www.facebook.com/157215971120682/posts/779989772176629,【世大運國手@全大運】臺灣百米最速男-楊俊瀚 ??106年全大運，田徑項目又有新的全國紀錄出現了? 他是臺灣體大的短跑好手 楊俊瀚 Hank Yang 在 5/8 的100 公尺決賽跑出 10秒22 的好成績， ??不但拿下金牌，還刷新百米全國紀錄  點連結給你更多世大運??https://goo.gl/g9foIe  ??5/10還有機會現場看楊俊瀚的跑步英姿： 時間：下午一點二十分 地點：臺大田徑場 賽事項目：200M決賽 ??8月的臺北世大運期間，一定要來看俊瀚力拚各國菁英好手 現在就分享照片，並留言：#我愛百米最速男楊俊瀚,田徑,運動,Athletics,https://scontent.xx.fbcdn.net/v/t1.0-0/s130x130/18342246_779989772176629_5186520707982951242_n.jpg?oh=4199b2bd6754c172d6659d86c24b61f4&oe=5A01A1B8,https://scontent.xx.fbcdn.net/v/t1.0-0/p480x480/18342246_779989772176629_5186520707982951242_n.jpg?oh=ad285325f1b39fe21e85a574aa1d4f13&oe=59F78F9E,https://www.facebook.com/taipei2017/photos/a.157858541056425.1073741828.157215971120682/779989772176629/?type=3,facebook.com,2017-05-08T08:14:26+0000,1494231266,2017/5/8 10:14,789,11,804,18,833,11,7,4,3,0,784,11,1,3,0,0,0,2017/5/8,2017,5,8,,,
video,post_page_157215971120682,157215971120682_779950585513881,https://www.facebook.com/157215971120682/posts/779950585513881,【世大運國手@全大運】阿美族戰士楊尉廷跨破全國有夠勇  ??尉廷110米跨欄衝出13秒57，打破自己創下的全國紀錄13秒61 完成三連霸????  ??受到天氣熱影響，賽前還拉長熱身時間， 沒想到一舉飆破全國，在終點狂吼慶祝??  ??這次世大運我們的子弟兵們要回家比賽 一起進場為運動員加油????  覺得太強了，請分享！覺得帥，請按愛心！ 要幫楊尉廷加油請按讚！ 3，2，1請按鈕∼  點連結給你更多世大運??https://goo.gl/g9foIe  #回家比賽 #熱情 #楊尉廷加油,田徑,運動,Athletics,https://scontent.xx.fbcdn.net/v/t15.0-10/s130x130/18385385_779951375513802_306720974865170432_n.jpg?oh=b98ff50f9b32b68471619274e83b3026&oe=59F7D760,https://scontent.xx.fbcdn.net/v/t15.0-10/s720x720/18385385_779951375513802_306720974865170432_n.jpg?oh=cbe2adb71139d1f6ac9eb0bc844719c7&oe=5A343625,https://www.facebook.com/taipei2017/videos/779950585513881/,facebook.com,2017-05-08T05:53:22+0000,1494222802,2017/5/8 07:53,1508,29,1549,42,1620,29,11,18,9,0,1504,22,16,2,0,0,1,2017/5/8,2017,5,8,,,
video,post_page_157215971120682,157215971120682_779584912217115,https://www.facebook.com/157215971120682/posts/779584912217115,【世大運國手@全大運】開朗笑容甜姐兒　擊劍女神程昕三連霸  ??世大運擊劍鈍劍國手程昕，場下總掛著甜美笑容的她 一戴上擊劍面罩，就化身為帥氣女劍士????  7日在全大運擊劍公開女子組比賽拿下金牌，完成三連霸 ??這次世大運她要回家比賽，一起進場為她加油！！????  點連結給你更多世大運??https://goo.gl/g9foIe  #回家比賽 #程昕加油,擊劍,運動,Fencing,https://scontent.xx.fbcdn.net/v/t15.0-10/s130x130/18364012_779586268883646_1196881345284931584_n.jpg?oh=281c7ec54c5aebcf69f935a6e3841c9a&oe=59EFAEBD,https://scontent.xx.fbcdn.net/v/t15.0-10/s720x720/18364012_779586268883646_1196881345284931584_n.jpg?oh=b6245c71650e56588648cf754d1c2f17&oe=59EE0D07,https://www.facebook.com/taipei2017/videos/779584912217115/,facebook.com,2017-05-07T14:13:06+0000,1494166386,2017/5/7 16:13,677,19,690,35,744,19,8,11,7,0,675,13,0,0,0,0,0,2017/5/7,2017,5,7,,,
photo,post_page_157215971120682,157215971120682_779564268885846,https://www.facebook.com/157215971120682/posts/779564268885846,??【200公尺自由式全國新紀錄誕生!!】?? 106年全大運，第一項全國紀錄在5月7日誕生了！ 輔仁大學泳將安廷耀，在公開男生組游泳4x200公尺自由式接力決賽、 第一棒，游出1分49秒79，打破自己去年締造的1分50秒28全國紀錄！ ??【一人一個讚，留言為安廷耀集氣】 廷耀雖然刷新全國紀錄，但可惜尚未達世大運標（1分49秒58）。 安廷耀的200公尺自由式個人賽5月9日登場 ??按讚並留言寫下 #安廷耀加油拚達標 與廷耀一起力拚世大運達標??  點連結給你更多世大運??https://goo.gl/g9foIe   #安廷耀加油拚達標,游泳,運動,Swimming,https://scontent.xx.fbcdn.net/v/t1.0-0/s130x130/18274751_779564268885846_9111469436866581117_n.jpg?oh=ab518ba42c36e00cd0c465958428eea3&oe=59EEAF7C,https://scontent.xx.fbcdn.net/v/t1.0-9/s720x720/18274751_779564268885846_9111469436866581117_n.jpg?oh=1ca2e6466696580a2ccb8bf53f3a95fa&oe=5A343A83,https://www.facebook.com/taipei2017/photos/a.157858541056425.1073741828.157215971120682/779564268885846/?type=3,facebook.com,2017-05-07T12:44:33+0000,1494161073,2017/5/7 14:44,653,19,658,25,702,19,19,0,9,0,652,5,0,0,0,0,0,2017/5/7,2017,5,7,,,
video,post_page_157215971120682,157215971120682_778845982291008,https://www.facebook.com/157215971120682/posts/778845982291008,【我的神預測】郭婞淳全大運決賽總成績出來囉!你猜對了嗎?  #我挺運動員我分享  #答案就在影片中 郭婞淳的故事→https://goo.gl/gnlbUA 知道更多世大運→https://goo.gl/g9foIe,舉重,運動,Weightlifting,https://scontent.xx.fbcdn.net/v/t15.0-10/s130x130/18340047_778845352291071_1919369997809876992_n.jpg?oh=813424f6d78aa8a3dfeb06c4d6806dd4&oe=5A2DAB51,https://scontent.xx.fbcdn.net/v/t15.0-10/s720x720/18340047_778845352291071_1919369997809876992_n.jpg?oh=f6e8446e32d2f92305b2f64df0dd0cf1&oe=59EF12EB,https://www.facebook.com/taipei2017/videos/778845982291008/,facebook.com,2017-05-06T08:57:26+0000,1494061046,2017/5/6 10:57,761,11,779,23,813,11,4,7,3,0,760,13,4,0,0,0,1,2017/5/6,2017,5,6,,,
photo,post_page_157215971120682,157215971120682_778093489032924,https://www.facebook.com/157215971120682/posts/778093489032924,【我的神預測】猜猜舉重女神郭婞淳 KUO  Hsing-Chun全大運決賽總成績，能夠舉起幾公斤，預測正確者，就有機會獲得電影票，看誰能夠神預測，快來留言! ??活動期間：即日起至 5/6 12:50 比賽前截止 ??得獎名單公布：5/10（三）下午6點 ??預測方式：  於本篇留言寫下你的神預測，並TAG一位你的朋友 【範例】@朋友的名字，看我的神預測帶你去看電影，郭婞淳決賽總成績=231公斤  郭婞淳的故事→https://goo.gl/gnlbUA 關於世大運→https://goo.gl/g9foIe  ??活動贈品：  ??【神預測獎】：電影票2張，共計5名  ??【中獎方式】：預測正確者，依照時間先後前5名為中獎人；若無預測正確者，則以預測數字最接近前五名為中獎者，依照時間順序排列  ※主辦單位有權取消、終止、修改活動內容或暫停贈獎活動之進行。,舉重,運動,Weightlifting,https://scontent.xx.fbcdn.net/v/t1.0-0/s130x130/18199539_778093489032924_7606714859164601097_n.jpg?oh=bfd30b7ba3028543514d42ce04ae0157&oe=59FC0E37,https://scontent.xx.fbcdn.net/v/t1.0-9/s720x720/18199539_778093489032924_7606714859164601097_n.jpg?oh=72186f89b715047ec13c401bd90173fe&oe=5A32E2C8,https://www.facebook.com/taipei2017/photos/a.157858541056425.1073741828.157215971120682/778093489032924/?type=3,facebook.com,2017-05-05T05:04:53+0000,1493960693,2017/5/5 07:04,493,411,500,164,1075,393,373,20,66,0,481,2,3,2,0,0,0,2017/5/5,2017,5,5,,,
video,post_page_157215971120682,157215971120682_776287312546875,https://www.facebook.com/157215971120682/posts/776287312546875,【名人說故事1】永不放棄的郭婞淳，2017亞錦賽一舉奪金  你知道三年前的她，曾經差點無法再舉重嗎？跑者作家GinOy 歐陽靖（Official）要與你分享，她所看見的不只是金牌的掌聲，更多是郭婞淳所付出的努力，以及「勇往直前、永不放棄」的運動家精神  臺北世大運，好手們回家比賽，讓我們用行動告訴臺灣運動員「I AM HERE！我們挺你！」  更多郭婞淳→https://goo.gl/YchYSl 關於世大運→https://goo.gl/g9foIe  #2017臺北世大運 #臺北我的主場 #這次我們回家比賽 #名人說故事 #2017Taipei,舉重,運動,Weightlifting,https://scontent.xx.fbcdn.net/v/t15.0-10/s130x130/18300486_776296635879276_3445689843097534464_n.jpg?oh=a976bc6c6dcac3ddc3f88fd3d34caeea&oe=5A3170B0,https://scontent.xx.fbcdn.net/v/t15.0-10/s720x720/18300486_776296635879276_3445689843097534464_n.jpg?oh=41574bb1200cb73e1d143ec08b41a24d&oe=5A35610A,https://www.facebook.com/taipei2017/videos/776287312546875/,facebook.com,2017-05-02T13:00:00+0000,1493730000,2017/5/2 15:00,621,15,630,129,774,15,7,8,4,0,619,8,0,1,0,0,0,2017/5/2,2017,5,2,,,
photo,post_page_157215971120682,157215971120682_775363685972571,https://www.facebook.com/157215971120682/posts/775363685972571,【狂賀! 地主好手留下五面金牌!】 這場亞洲田徑大獎巡迴賽，也是世大運的測試賽，今天很多觀眾來到台北田徑場，在絕佳的天氣下享受觀看比賽的樂趣。特別是當台灣好手登場時，全場一起加油的聲音，真的是進場才能感受到的 ! 如果你錯過今天的比賽，可千萬別錯過8月的台北世大運~ 【賽事：2017亞洲田徑大獎巡迴賽台北站】 比賽地點：台北田徑場 ◎黃士峰、鄭兆村包辦男子標槍金銀牌 ◎楊俊瀚收下男子200公尺金牌 ◎陳傑在400公尺跨欄摘金 ◎徐詠潔以24秒41拿下女子200公尺金牌 ◎李慧君則是54.37公尺收下女子標槍金牌。< 滑照片看更多 >,田徑,運動,Athletics,https://scontent.xx.fbcdn.net/v/t1.0-0/s130x130/18158008_775363165972623_3113082020780806188_n.jpg?oh=055f1c52e6535fade99b2618a55dbaea&oe=59F67D28,https://scontent.xx.fbcdn.net/v/t1.0-9/s720x720/18158008_775363165972623_3113082020780806188_n.jpg?oh=e651c0678ab60c2f551f043acdcabb80&oe=59F289D7,https://www.facebook.com/taipei2017/photos/a.157858541056425.1073741828.157215971120682/775363165972623/?type=3,facebook.com,2017-04-30T14:48:51+0000,1493563731,2017/4/30 16:48,508,3,520,11,534,3,1,2,0,0,506,11,0,1,0,0,0,2017/4/30,2017,4,30,,,
photo,post_page_157215971120682,157215971120682_774651706043769,https://www.facebook.com/157215971120682/posts/774651706043769,【世大運之星#1】為世大運做出重大決定的 「網球精靈」張凱貞 為了在臺北世大運留下網球女單金牌，「網球精靈」張凱貞在美網與世大運中做出最艱難的抉擇........< 繼續滑照片看故事 >,網球,運動,Tennis,https://scontent.xx.fbcdn.net/v/t1.0-0/s130x130/18157629_774651359377137_9313244668632064_n.jpg?oh=0817025725ecab413f3eca1b3e1cce35&oe=59FE6455,https://scontent.xx.fbcdn.net/v/t1.0-9/s720x720/18157629_774651359377137_9313244668632064_n.jpg?oh=28093164c159c79edfa3ed07f597c96a&oe=59F3EF13,https://www.facebook.com/taipei2017/photos/a.157858541056425.1073741828.157215971120682/774651359377137/?type=3,facebook.com,2017-04-29T10:01:00+0000,1493460060,2017/4/29 12:01,237,0,247,9,256,0,0,0,0,0,234,9,1,0,0,0,0,2017/4/29,2017,4,29,,,
photo,post_page_157215971120682,157215971120682_774138716095068,https://www.facebook.com/157215971120682/posts/774138716095068,【水球】中華台北水球隊今日擊敗新加坡打進四強啦!! 明4/29 (六) 將戰強敵印尼，大家一起進場為中華隊水男孩們加油!!  競賽場地：臺北松山運動中心  比賽時間：4/29 (週六) 9:00 印尼 VS 中華台北 更多資訊???? https://goo.gl/23o9fl  #2017臺北世大運 #水男孩好帥 #捍衛我們的主場,水球,運動,Water Polo,https://scontent.xx.fbcdn.net/v/t1.0-0/s130x130/18157487_774138486095091_6207804316655171506_n.jpg?oh=f6711d9a39fbd478864bc05cb9b5dccd&oe=5A2CDE7A,https://scontent.xx.fbcdn.net/v/t1.0-0/p480x480/18157487_774138486095091_6207804316655171506_n.jpg?oh=0eaf0d46afc4ae9f64576062e51a9f70&oe=5A2A1C5C,https://www.facebook.com/taipei2017/photos/a.157858541056425.1073741828.157215971120682/774138486095091/?type=3,facebook.com,2017-04-28T12:00:00+0000,1493380800,2017/4/28 14:00,498,2,511,29,542,2,1,1,0,0,496,9,1,3,0,0,0,2017/4/28,2017,4,28,,,
photo,post_page_157215971120682,157215971120682_772411276267812,https://www.facebook.com/157215971120682/posts/772411276267812,??捷報 舉重好手 郭婞淳 KUO  Hsing-Chun 衛冕金牌??  亞洲舉重錦標賽58公斤量級 以抓舉104公斤、挺舉137公斤，總計241公斤成功衛冕金牌?? 恭喜婞淳再次鍍金??  photo credit: 林敬能教練,舉重,運動,Weightlifting,https://scontent.xx.fbcdn.net/v/t1.0-0/s130x130/18057899_772411276267812_7703261277978825745_n.jpg?oh=c90108167e852062bb6a4e9c258d2f96&oe=59F78E55,https://scontent.xx.fbcdn.net/v/t1.0-9/s720x720/18057899_772411276267812_7703261277978825745_n.jpg?oh=bfb2cb4e803f1dbaff47c311a9449d6f&oe=5A3194AA,https://www.facebook.com/taipei2017/photos/a.157858541056425.1073741828.157215971120682/772411276267812/?type=3,facebook.com,2017-04-25T07:27:45+0000,1493105265,2017/4/25 09:27,1123,11,1148,6,1165,11,11,0,3,0,1118,19,2,4,0,0,0,2017/4/25,2017,4,25,,,
photo,post_page_157215971120682,157215971120682_767140833461523,https://www.facebook.com/157215971120682/posts/767140833461523,????恭喜資穎超級系列賽連五冠??????????  今日新加坡公開賽，資穎再下一城 再次刷新個人紀錄，穩坐世界球后寶座 恭喜資穎????,羽球,運動,badminton,https://scontent.xx.fbcdn.net/v/t1.0-0/s130x130/17884485_1299368593443658_7295203415423201375_n.jpg?oh=c21bb2bd6433c092469b5a899ff5724a&oe=59FB3C25,https://scontent.xx.fbcdn.net/v/t1.0-9/s720x720/17884485_1299368593443658_7295203415423201375_n.jpg?oh=a6644762560b4d7fa223aa3903854094&oe=5A369A30,https://www.facebook.com/164965326883996/photos/a.195884807125381.51562.164965326883996/1299368593443658/?type=3,facebook.com,2017-04-16T12:42:09+0000,1492346529,2017/4/16 14:42,724,4,741,0,745,3,3,0,0,0,721,11,5,0,0,1,0,2017/4/16,2017,4,16,,,
photo,post_page_157215971120682,157215971120682_764442000398073,https://www.facebook.com/157215971120682/posts/764442000398073,【 你不知道的世大運－水球比賽！】 　 什麼！水球也是比賽項目之一嗎？ 要如何比賽呀？一起來看看吧！ 　 比賽規則：   。場地大小：男子 30 公尺 × 20 公尺，女子 25 公尺 × 20 公尺 。球門規格：球門寬 3 公尺，高 90 公分  。每隊有 13 個隊員。可以無限多次交換球員 。比賽時每隊有 7 名隊員在水中 。守門員為紅色固定1號球帽及13號候補守門員 。進攻過程有 30 秒鐘，在這 30 秒鐘內沒有射門的話，球權交換 。射門前必須至少有兩名隊員持球（但罰球例外） 。 守門員可以在五米線內用兩手接球 。除守門員外，任何人不得用雙手觸球 。在比賽過程中，隊員不得觸池壁或池底，要保持游動或踩水,水球,運動,Water Polo,https://scontent.xx.fbcdn.net/v/t1.0-0/s130x130/17884476_764442000398073_730146330682866135_n.jpg?oh=15306e97060e1d83446d949cbc5ac2a6&oe=59F97AEC,https://scontent.xx.fbcdn.net/v/t1.0-9/s720x720/17884476_764442000398073_730146330682866135_n.jpg?oh=37d23e106f6bc656fb914b39a9b2e37f&oe=5A2A471B,https://www.facebook.com/taipei2017/photos/a.157858541056425.1073741828.157215971120682/764442000398073/?type=3,facebook.com,2017-04-12T12:30:00+0000,1492000200,2017/4/12 14:30,539,13,563,55,631,12,7,5,18,0,535,4,16,3,0,0,0,2017/4/12,2017,4,12,,,
photo,post_page_157215971120682,157215971120682_762724680569805,https://www.facebook.com/157215971120682/posts/762724680569805,【 你不知道的世大運－舉重！】 　 雖然常常聽到舉重?但對於比賽規則實在不是很瞭解呢? 一起來看看舉重的相關規則吧！ 　 比賽規則： 　 。舉重比賽分為挺舉以及抓舉兩種姿勢，成績以總和計算，且其中一項不得沒有成績 。成績若相同，則先試舉成功者勝出 。抓舉需一次性把槓鈴舉過頭頂 。挺舉則可先將槓鈴平舉至齊胸，然後再舉過頭頂，但是兩次動作必須一次完成，中間不能有停頓 。先進行抓舉，再進行挺舉 。抓舉三次試舉失敗便失去比賽資格 。試舉成功後，每次可以以1公斤為單位增加試舉重量 。槓鈴抓起後由裁判決定是否成功，成功舉起白旗或按白燈、失敗的話舉起紅旗或按紅燈 　 -- 　 世大運經典徽章留言分享抽獎活動，將進行到 4/10 （一）！ 　 欲參加的朋友，請點擊下方連結瞭解更多： https://goo.gl/y6Th99 我們將在 4/10（一）選出 22 組世大運經典徽章給大家呦！快來參加吧！（你問我為什麼是 22 組？把必辦、選辦與示範種類的數量加一加就知道囉！）,舉重,運動,Weightlifting,https://scontent.xx.fbcdn.net/v/t1.0-0/s130x130/17522987_762724680569805_3979360381119533416_n.jpg?oh=2ac6f675930ceef396de23a5ef28241f&oe=59F684DC,https://scontent.xx.fbcdn.net/v/t1.0-9/s720x720/17522987_762724680569805_3979360381119533416_n.jpg?oh=38ee122f78d5f275c525eac07120ba33&oe=5A36A023,https://www.facebook.com/taipei2017/photos/a.157858541056425.1073741828.157215971120682/762724680569805/?type=3,facebook.com,2017-04-09T12:30:00+0000,1491741000,2017/4/9 14:30,204,2,208,10,220,2,1,1,3,0,202,3,0,0,0,0,0,2017/4/9,2017,4,9,,,
photo,post_page_157215971120682,157215971120682_755287627980177,https://www.facebook.com/157215971120682/posts/755287627980177,【 桌壇好手江宏傑，進擊 2017 世大運！】 　 第一次拿起桌球拍擊球的體驗，讓江宏傑深深喜歡上乒乓球，憑著與生俱來的天分以及認真拼命的個性，更讓他在年僅 20 歲之際，就獲得 2009 年運動精英獎最佳男運動員。雖然曾因腳傷復健短暫告別球壇，但這些過程皆一點一滴內化成動力，不斷驅使著江宏傑，如今他正以穩健姿態逐步朝目標前進，期待在 2017 臺北世界大學運動會，為臺灣拿下更多榮耀。 　 會接觸到乒乓球，其實，並非江宏傑主動要求，小學時期的他相當好動也不愛睡午覺，為了消耗江宏傑旺盛的體力，老師開始讓他練習桌球，沒想到從此無可自拔的迷上這項運動，也開啟了江宏傑精彩的乒乓人生。 　 　 █　直面困難，不斷從摧毀中重建信心 　 國小畢業後，江宏傑受到知名教練林忠雄和吳文嘉號召，隻身從新竹前往臺南求學並接受專業訓練。回想起那段時光，江宏傑最開心的就是能和桌球好手蔣澎龍一起練球，不過，從早到晚的密集式鍛鍊對小孩來說一點也不輕鬆，即使手指破皮、腳起水泡，江宏傑仍把這些苦通通吞下肚，只為將來能在球場上發光發熱。 　 每日辛勤苦練，江宏傑用實力在國內外締造了亮眼戰績，像是連續三年奪得全國桌球錦標賽男子單打金牌、2013 年世界盃團體經典賽銀牌以及 4 面世界大學運動會金牌等。問到是否曾有放棄的想法，江宏傑坦言，之前曾因髖關節唇軟骨碎裂，開刀治療並復健了一段日子，剛回球場的時候狀況不佳，比賽時一直打不出成績，自己變得很沒自信，常常一個人獨處也不愛說話，後來又輸掉 2012 倫敦奧運臺灣選拔賽，種種的不順心更讓他在賽後崩潰大哭。回想當時，江宏傑表示開刀前後真的差很多，世界排名從 72 掉到 178 名，內心累積很多負面想法，甚至看到桌球就覺得討厭。 　 幸虧這種厭惡感沒有持續太久，江宏傑回想當時教練對他說的話：「你用我的戰術，輸球是我的錯，所以你就盡量去做，把自己發揮到百分百。」這劑充滿力量的強心針，成為了江宏傑最堅實的後盾，陪著他到世界各地去征戰。江宏傑慢慢找回最佳狀態，重拾球場上的信心。 　 　 █　堅守信念，發揮百分百實力 　 對現在的江宏傑來說，歷經多次比賽的考驗，「主要的重點會放在研究對手，了解錯誤後再重新出發」江宏傑與我們分享著，可以看出他已經很懂得調適心情，思想比起以前已成熟許多。 　 █　瞄準臺北世大運金牌　為全民爭榮耀 　 確定 2017 將出戰世大運的江宏傑，對於本次主場在臺北感到相當高興，在他印象中，臺北的運動風氣很不錯，有許多運動場地和空間可以讓民眾運用，自己先前曾經在小巨蛋參加全國運動會，是個很棒的場地，不過，當時因比賽的關係，沒有多餘時間再去體驗其他設施和臺北的美食，這一點比較可惜。 　  由於很多國家都會來參加世大運，除了希望國際能再多認識臺灣之外，江宏傑對自己也有很大的期許，那就是將男子團體賽金牌留在臺灣，最好連單打和雙打的份也一起，他表示：「站在台上拿獎牌，看著中華民國會旗在賽場內飄揚，那種感覺已經不是自己的榮譽，而是對臺灣的驕傲。」 　 -- 　 江宏傑小檔案 　 年齡：27 歲（ 1989 年 2 月 22 日 ） 項目：桌球 特殊戰績： ．2007∼2009 年 全國桌球錦標賽 男單金牌 ．2009 年 貝爾格勒世大運 男單、混雙金牌 ．2013 年 世界盃桌球經典賽 男子團體銀牌 ．2013 年 俄羅斯喀山世大運賽 男子雙打金牌 ．2016 年 全大運桌球公開男子組個人雙打賽 金牌 　 -- 　 道歉啟事：前篇貼文，由於整體製作的疏忽，造成了大家的困擾，在此特別更正，並致上真誠的歉意。未來製作上我們會更小心謹慎，謝謝大家的回應，讓我們看見了我們改進的方向！ 　 -- 　 #臺灣英雄系列,桌球,運動,Table Tennis,https://scontent.xx.fbcdn.net/v/t1.0-0/s130x130/17458355_755287627980177_7146501693466708210_n.jpg?oh=9f605a832630bffcda2c0636bff0a301&oe=59EB38AC,https://scontent.xx.fbcdn.net/v/t1.0-9/s720x720/17458355_755287627980177_7146501693466708210_n.jpg?oh=70e4012ec037e70248fb6ebabc189c7f&oe=59F95F53,https://www.facebook.com/taipei2017/photos/a.157858541056425.1073741828.157215971120682/755287627980177/?type=3,facebook.com,2017-03-28T08:13:44+0000,1490688824,2017/3/28 10:13,800,6,821,25,852,6,6,0,0,0,794,17,0,3,0,0,0,2017/3/28,2017,3,28,,,
photo,post_page_157215971120682,157215971120682_753393581502915,https://www.facebook.com/157215971120682/posts/753393581502915,【 臺灣網壇新秀－謝淑映！擊敗挫折不退縮，積極面對每場挑戰！】 　 小時候謝淑映總是跟在哥哥姐姐的身後，嬌小的身影穿梭於臺灣大大小小的球場，揮著快比自己還高的網球拍，如今那個小女孩也已經能獨當一面了，還在多個國內外比賽取得不錯的成績，努力的練習在她的肌膚上也留下黝黑的痕跡，現在正在夏威夷進修的謝淑映十分關心明年臺北作為東道主所舉辦的世大運，她謙虛的表示去年能在光州世大運取得好成績，都是因為隊友團結一致應戰的成果，當時因為手傷而未能百分之百發揮水準，明年她若能參與盛會，一定會把狀態調整到最好，為臺灣留下一面金牌。 　 　 █　只有網球，從未考慮第二條路 　 來自網球世家，身為家中小妹的謝淑映，最後自然而然的走上同一條路，對她來說，家人總是最貼心卻又是最嚴苛的教練，比起一昧的鼓舞，爸爸和姊姊總是會一針見血的指正她的錯誤，旁人看來可能吃不消，但是樂觀開朗的謝淑映不這麼想，她覺得這就是一切進步的根源，有要求，才有進步。「打網球對我來說就像呼吸一樣自然，是我人生的一大部份」，正因如此，謝淑映從未考慮過網球以外的路，「沒有網球陪伴，我想我會失去很多樂趣和體驗」。 　  　 █　姊姊信念的影響，堅定網球的路 　 姊姊謝淑薇近幾年的成績斐然，總使人下意識同情起妹妹的壓力，但是謝淑映反倒認為謝淑薇不管在網球領域還是心靈上，都是她最好的導師。有著這樣強力的靠山，讓謝淑映知道她可以好好做自己也許就是一直抱持正向積極的態度，謝淑映才能克服 2 年前在澳洲比賽時滑倒所造成的手腕傷勢。 　 　 █　家人鼓勵，谷底再起 　 回想自己的傷勢，謝淑映感慨的說：「滑倒時我就知道糟糕了，之後醫生更是殘酷的直接說，就算是修復針也救不了我」，那段時間除了傷口的疼痛，心裡更是背負著壓力，擔心開刀帶來的後遺症，更害怕再也回不了球場，「這也是我目前為止遇到最大的挫折」謝淑映說，「當時我一握球拍手就隱隱作痛，如果不是周圍的家人朋友不斷鼓勵我，可能我就已經把球拍放下了。」爸爸在這段時間的鼓勵對謝淑映而言尤其重要，他用以前他身為運動員的經驗告訴謝淑映不論如何都不能放棄，在家人的支持下，謝淑映後來決定到夏威夷進修，除了積極養傷之外，亦持續參加美國大學的網球比賽，經過這段受傷帶來的試煉，謝淑映日後在面對每一場比賽，都不再像以往感到脆弱又多慮，反而心胸更開闊願意放手一搏，積極面對每一球帶來的快感和考驗。 　 　　 █　搖旗吶喊帶來的拼鬥能量 　 相較於其他團隊類型的運動，網球訓練相對較為孤單，和其他選手並沒有太多互動的機會，因此參加世大運對謝淑映來說是很特別的經驗。2015光州世大運謝淑映與隊友張凱貞、李亞軒、許絜瑜合力拿下女子團體金牌，為臺灣披戰袍奮戰的過程讓她直呼過癮，世大運賽程期間，每天與隊友一起加油吶喊，鼓勵打氣，氛圍與單打獨鬥的職業賽事非常不同。 　 明年將在自己的家鄉參加世大運，謝淑映對於網球項目能否取得好成績，顯得自信滿滿，她說：「金牌一定沒有問題，在自己的主場上比賽，我相信氣勢會更不同，如果我明年能夠代表地主出賽，一定會盡自己所能取得好成績。」 　 長年征戰在外，謝淑映最感到安心與熟悉的地方還是臺灣，小時候曾在臺北受訓過一段時間，她回憶起那段過程，笑說：「還記得當時我在臺北市的一個國小參加網球訓練營，我每天最期待的，就是休息時間和其他小朋友一起彎腰穿過一個小拱門，溜到外面的雜貨店買零食吃，在努力用心訓練流汗後所品嚐的餅乾最好吃了！」 　 　 每一球都積極面對，期望有一天能成為臺灣代表性的網球選手。 　  -- 　　 謝淑映小檔案 　 年齡：23 歲（ 1993 年 7 月 23 日 ） 特殊戰績： ．2014 佛羅里達女網賽 女雙金牌 ．2014 全大運公開混合組 金牌 ．2014 台北海碩國際女子網球挑戰賽 雙打四強 　 --  　 #臺灣英雄系列,網球,運動,Tennis,https://scontent.xx.fbcdn.net/v/t1.0-0/s130x130/17522650_753393581502915_6046868193647413164_n.jpg?oh=940e8d67de271f6fedef01d3103488ce&oe=5A32E483,https://scontent.xx.fbcdn.net/v/t1.0-9/s720x720/17522650_753393581502915_6046868193647413164_n.jpg?oh=dd7124adb4192f02aa04ea3e344bd3f2&oe=59F1F17C,https://www.facebook.com/taipei2017/photos/a.157858541056425.1073741828.157215971120682/753393581502915/?type=3,facebook.com,2017-03-25T12:30:00+0000,1490445000,2017/3/25 13:30,452,2,456,8,466,2,2,0,1,0,449,3,0,1,0,0,0,2017/3/25,2017,3,25,,,
photo,post_page_157215971120682,157215971120682_747831868725753,https://www.facebook.com/157215971120682/posts/747831868725753,恭喜資穎拿下全英羽球公開賽女子單打項目冠軍 成為台灣史上第一人，  希望資穎一樣能在2017臺北世大運為臺灣留下亮眼成績 大家一起來為資穎加油！,羽球,運動,badminton,https://scontent.xx.fbcdn.net/v/t1.0-0/p130x130/17103259_1263820606998457_9121074147501130461_n.jpg?oh=f47914c09cf4a4ffc610d3fd7d938825&oe=59FD8DA7,https://scontent.xx.fbcdn.net/v/t1.0-9/p720x720/17103259_1263820606998457_9121074147501130461_n.jpg?oh=9f098ef17907b2f4df2dbfff42ba334b&oe=5A2EE9B2,https://www.facebook.com/164965326883996/photos/a.164965543550641.37186.164965326883996/1263820606998457/?type=3,facebook.com,2017-03-15T05:02:34+0000,1489554154,2017/3/15 06:02,567,3,581,0,584,3,3,0,0,0,565,11,0,3,0,0,0,2017/3/15,2017,3,15,,,
link,post_page_157215971120682,157215971120682_740812579427682,https://www.facebook.com/157215971120682/posts/740812579427682,2017臺北世大運宣傳大使許淑淨獲頒IWF最佳女運動員獎  舉重國手許淑淨 榮獲2015年世界舉重雜誌Jen? Boskovics  公開投票中獲得了最佳女運動員的最高的票數。  國際舉重總會希望透過2017世大運測試賽補頒發此至高榮譽獎項 將於3/4(六) 今日12點於淡江大學紹謨紀念體育館7樓 測試賽開幕典禮舉行儀式  國際舉總阿漾會長授權，與榮譽國際舉總第一副會長 也是體育運動總會會長張朝國先生 共同頒授於舉重之光許淑淨選手  歡迎大家一起來分享榮耀及喜悅  也邀請大家一起來看舉重測試賽喔 https://goo.gl/7lK8r5,舉重,運動,Weightlifting,https://scontent.xx.fbcdn.net/v/t45.1600-4/c24.0.130.130/p130x130/17861119_6074383043876_2132511091358433280_n.png?oh=6ddd83c169c318db6adbced6600b314e&oe=59FC868F,https://scontent.xx.fbcdn.net/v/t45.1600-4/17861119_6074383043876_2132511091358433280_n.png?oh=02aac7cc5f44f5b15635828db138fb67&oe=59EEB2AC,http://www.iwf.net/2016/02/24/best-of-2015-hsu-shu-ching-and-ilya-ilyin/,iwf.net,2017-03-04T02:30:00+0000,1488594600,2017/3/4 03:30,466,4,471,9,484,4,4,0,1,0,463,5,0,0,0,0,0,2017/3/4,2017,3,4,,,
video,post_page_157215971120682,157215971120682_719802518195355,https://www.facebook.com/157215971120682/posts/719802518195355,射箭是需要老鷹一般看穿瞄準器狙擊箭靶的眼神！想知道射箭比賽的複合弓跟反曲弓的差別嗎?讓@熊讚射給你看！,射箭,運動,Archery,https://scontent.xx.fbcdn.net/v/t15.0-10/s130x130/16327507_719803108195296_3332507572128186368_n.jpg?oh=6b8f18e0e612505b864ff15d2ecfb763&oe=59FF491C,https://scontent.xx.fbcdn.net/v/t15.0-10/s720x720/16327507_719803108195296_3332507572128186368_n.jpg?oh=5ca5000ba065cc408da813615e6284d8&oe=5A38FBA6,https://www.facebook.com/taipei2017/videos/719802518195355/,facebook.com,2017-03-03T05:14:00+0000,1488518040,2017/3/3 06:14,427,9,440,24,473,9,5,4,3,0,422,8,1,4,0,0,0,2017/3/3,2017,3,3,,,
link,post_page_157215971120682,157215971120682_736951666480440,https://www.facebook.com/157215971120682/posts/736951666480440,世大運棒球邀請賽  中華隊25日將於上午11時出戰天津獅隊 預計派出曾琦先發  曾琦說 天母棒球場的休息區改善很多，感到很放鬆。 雖然下雨但不會因為天氣的因素受到影響，會全力表現到最好！  歡迎大家明天一起進場，給中華隊與曾琦最強力的聲援！,棒球,運動,Baseball,https://scontent.xx.fbcdn.net/v/t39.2147-6/c64.0.130.130/p130x130/16685614_736951563147117_5800666788551196672_n.jpg?oh=298eacc7b4d93eb6db4a8f0cb1f9587a&oe=5A346263,https://scontent.xx.fbcdn.net/v/t39.2147-6/16685614_736951563147117_5800666788551196672_n.jpg?oh=8951c63b9ece86cb5a9b5e71ae60e4b0&oe=5A368DC2,"http://2017.taipei/files/14-1000-3307,r18-1.php",2017.taipei,2017-02-24T13:37:59+0000,1487943479,2017/2/24 14:37,210,2,212,4,218,2,2,0,1,0,208,2,0,0,0,0,0,2017/2/24,2017,2,24,,,
link,post_page_157215971120682,157215971120682_735380853304188,https://www.facebook.com/157215971120682/posts/735380853304188,??2017臺北世大運－棒球邀請賽??  2/24-2/26在天母棒球場開打囉 等不及了 快快來幫中華小將加油??  賽程相關訊息：https://goo.gl/WBQuln,棒球,運動,Baseball,https://external.xx.fbcdn.net/safe_image.php?d=AQDRj1Y9kyeLB1b6&w=130&h=130&url=http%3A%2F%2F2017.taipei%2Fezfiles%2F0%2F1000%2Fpictures%2F590%2Fpart_3251_2743096_33557.jpg&cfs=1&sx=77&sy=0&sw=599&sh=599&_nc_hash=AQBJ7-F9Xv9Y8LEw,https://external.xx.fbcdn.net/safe_image.php?d=AQBq69b5KBZaU91l&url=http%3A%2F%2F2017.taipei%2Fezfiles%2F0%2F1000%2Fpictures%2F590%2Fpart_3251_2743096_33557.jpg&_nc_hash=AQCXkVyP_qr1M8MZ,https://goo.gl/ZMe0Jz,goo.gl,2017-02-22T05:14:00+0000,1487740440,2017/2/22 06:14,234,0,237,7,244,0,0,0,0,0,229,2,1,0,0,0,0,2017/2/22,2017,2,22,,,
video,post_page_157215971120682,157215971120682_719807801528160,https://www.facebook.com/157215971120682/posts/719807801528160,年假期間大家們看的電影中，有沒有武術元素呢?  在競技的武術中，是有怎麼樣的「招式」呢?  熊讚Bravo  打給你看!!  中華民國國武術總會,武術,運動,Wushu,https://scontent.xx.fbcdn.net/v/t15.0-10/s130x130/16327673_719809211528019_9182679510942744576_n.jpg?oh=a30aea55346adca4460246c2ae707f28&oe=5A2B9129,https://scontent.xx.fbcdn.net/v/t15.0-10/s720x720/16327673_719809211528019_9182679510942744576_n.jpg?oh=a870e4f074e7b6e2f970b6f08db2074f&oe=5A323993,https://www.facebook.com/taipei2017/videos/719807801528160/,facebook.com,2017-02-03T05:14:00+0000,1486098840,2017/2/3 06:14,355,6,364,66,436,6,6,0,2,0,352,7,0,2,0,0,0,2017/2/3,2017,2,3,,,
photo,post_page_157215971120682,157215971120682_724326144409659,https://www.facebook.com/157215971120682/posts/724326144409659,想與「品勢金牌女團」跆拳道選手李映萱、陳湘婷與陳以瑄 「夜市球王」羽球國手王子維 「韻律體操全能三連霸」宋語涵 來場近距離接觸嗎?  「一起世大運 190倒數」邀請您2月5日蒞臨中華路西門商圈主舞臺 來與選手們一同暢談對於世大運的期待！  詳請請參考活動頁面：https://goo.gl/JyyLmx  TPE TKD Poomsae Female Team 品勢女團 王子維 / Wang Tzu Wei,跆拳道,運動,Taekwondo,https://scontent.xx.fbcdn.net/v/t1.0-0/s130x130/16426139_724326144409659_2735058883874334333_n.jpg?oh=593d276c508229b1f91cd8e7ed8ef5b6&oe=5A358636,https://scontent.xx.fbcdn.net/v/t1.0-9/s720x720/16426139_724326144409659_2735058883874334333_n.jpg?oh=8a47c14a8c63bdde3bffbd7cf11410ae&oe=59FB05C9,https://www.facebook.com/taipei2017/photos/a.157858541056425.1073741828.157215971120682/724326144409659/?type=3,facebook.com,2017-02-02T09:52:36+0000,1486029156,2017/2/2 10:52,193,0,195,19,214,0,0,0,0,0,189,1,0,1,0,0,0,2017/2/2,2017,2,2,,,
photo,post_page_157215971120682,157215971120682_723702081138732,https://www.facebook.com/157215971120682/posts/723702081138732,??美國跆拳道公開賽??  世大運培訓隊品勢項目團體組 獲得了男女團金銀牌及男女配對銅牌 ?共2金2銀1銅好成績??????  ??其中備受矚目的品勢團體女子組李映萱 陳以瑄 陳湘婷 則是不負眾望的獲得金牌  後續賽程還有品勢個人組及對打的比賽 一起為他們加油??  請一起關注小將們： 中華奧運跆拳道培訓隊Chinese Taipei National Taekwondo Team TPE TKD Poomsae Female Team 品勢女團  照片提供：李映瑄,跆拳道,運動,Taekwondo,https://scontent.xx.fbcdn.net/v/t1.0-0/s130x130/16388172_723702081138732_9095049678637074766_n.jpg?oh=bcca322c2cba2b3d67b22326a6fb74f8&oe=59F41FE8,https://scontent.xx.fbcdn.net/v/t1.0-9/16388172_723702081138732_9095049678637074766_n.jpg?oh=9f36ef7b19d8b53b5ebe5bd2d7dcb8ef&oe=59F9A975,https://www.facebook.com/taipei2017/photos/a.157858541056425.1073741828.157215971120682/723702081138732/?type=3,facebook.com,2017-02-01T10:10:55+0000,1485943855,2017/2/1 11:10,509,2,513,7,522,2,2,0,0,0,504,2,1,1,0,0,0,2017/2/1,2017,2,1,,,
link,post_page_157215971120682,157215971120682_722610601247880,https://www.facebook.com/157215971120682/posts/722610601247880,專注穩定 挑戰顛峰 楊俊瀚 全力衝向世大運  賽場上頻頻打破紀錄的楊俊瀚 Hank Yang 在今年1月1日與大家一起渡過了20歲的生日  除了是臺灣男子200公尺全國最快紀錄的保持人 也是許多練短跑小朋友們眼中的偶像喔！  今年8月一起和俊瀚衝過終點線吧！,田徑,運動,Athletics,https://external.xx.fbcdn.net/safe_image.php?d=AQB7NaTxyX3Jzf67&w=130&h=130&url=http%3A%2F%2F2017.taipei%2Fezfiles%2F0%2F1000%2Fpictures%2F33%2Fpart_3144_50671_90950.jpg&cfs=1&sx=0&sy=0&sw=2003&sh=2003&_nc_hash=AQAFOcN1lacbzqYB,https://external.xx.fbcdn.net/safe_image.php?d=AQCwZZC--PVSVtVe&url=http%3A%2F%2F2017.taipei%2Fezfiles%2F0%2F1000%2Fpictures%2F33%2Fpart_3144_50671_90950.jpg&_nc_hash=AQDLZSQ62z2M4wWh,"http://2017.taipei/files/15-1000-3144,c151-1.php",2017.taipei,2017-01-30T05:36:33+0000,1485754593,2017/1/30 06:36,919,7,934,35,976,7,7,0,2,0,916,12,0,3,0,0,0,2017/1/30,2017,1,30,,,
link,post_page_157215971120682,157215971120682_719863214855952,https://www.facebook.com/157215971120682/posts/719863214855952,網球精靈戰勝自己 張凱貞 Kelly Chang  「網球精靈」張凱貞2015年首度參加世大運， 一路過關斬將殺進冠軍戰，以直落二封后， 替台灣拿下睽違16年的網球女單金牌， 同時也幫助女團摘下隊史首金。  知道凱貞是怎麼踏上網球之路的嗎?   想要近距離一睹精靈風采嗎? 台灣網球精靈女孩最近預計在 「WTA Taiwan Open 臺灣公開賽」登場， 臺灣球迷們一起進場為凱貞加油！  我想瞭解凱貞↓↓↓↓↓,網球,運動,Tennis,https://external.xx.fbcdn.net/safe_image.php?d=AQDoREoJ1qd_EyX-&w=130&h=130&url=http%3A%2F%2F2017.taipei%2Fezfiles%2F0%2F1000%2Fimg%2F17%2F816179992.jpeg&cfs=1&sx=0&sy=0&sw=900&sh=900&_nc_hash=AQAJB6zXRBRG78Im,https://external.xx.fbcdn.net/safe_image.php?d=AQCZJ7TkTQFXf8b-&url=http%3A%2F%2F2017.taipei%2Fezfiles%2F0%2F1000%2Fimg%2F17%2F816179992.jpeg&_nc_hash=AQAIsh3nWCNG1g7z,"http://2017.taipei/files/15-1000-2891,c191-1.php",2017.taipei,2017-01-25T07:57:05+0000,1485331025,2017/1/25 08:57,119,0,120,2,122,0,0,0,0,0,117,1,0,0,0,0,0,2017/1/25,2017,1,25,,,
